"Date","y0.25","y0.5","y1","y2","y3","y4","y5","y6","y7","y8","y9","y10","y11","y12","y13","y14","y15"
19710129,4.15,4.19,4.1806,4.7707,5.2395,5.5903,5.8492,6.0417,6.1874,NA,NA,NA,NA,NA,NA,NA,NA
19710226,3.4,3.56,3.6526,4.3001,4.8217,5.2101,5.4941,5.7034,5.8608,NA,NA,NA,NA,NA,NA,NA,NA
19710331,3.64,3.74,3.7679,4.2231,4.584,4.8727,5.1056,5.2951,5.4508,NA,NA,NA,NA,NA,NA,NA,NA
19710430,3.93,4.21,4.7168,5.3321,5.6775,5.8861,6.0211,6.1139,6.1811,NA,NA,NA,NA,NA,NA,NA,NA
19710528,4.34,4.56,4.9819,5.4942,5.8152,6.0254,6.169,6.2711,6.3464,NA,NA,NA,NA,NA,NA,NA,NA
19710630,5.22,5.42,6.0356,6.4732,6.6361,6.7183,6.7676,6.8005,6.824,NA,NA,NA,NA,NA,NA,NA,NA
19710730,5.31,5.7,6.0709,6.489,6.6844,6.7906,6.8556,6.8992,6.9303,NA,NA,NA,NA,NA,NA,NA,NA
19710831,4.44,4.76,5.1498,5.5307,5.7565,5.8982,5.9922,6.0578,6.1057,6.1419,6.1701,6.1928,NA,NA,NA,NA,NA
19710930,4.6,4.92,5.1603,5.5107,5.7152,5.8422,5.9257,5.9838,6.026,6.0579,6.0828,6.1028,NA,NA,NA,NA,NA
19711029,4.31,4.44,4.5242,4.9833,5.3157,5.5276,5.6652,5.7593,5.827,5.8779,5.9174,5.9491,NA,NA,NA,NA,NA
19711130,4.34,4.43,4.6539,5.0616,5.3648,5.5808,5.7347,5.8464,5.9295,5.9931,6.043,6.0831,6.1159,6.1433,6.1665,6.1864,6.2037
19711231,3.68,4.03,4.3542,4.7912,5.1087,5.3434,5.52,5.6554,5.761,5.8448,5.9123,5.9677,6.0136,6.0523,6.0852,6.1136,6.1382
19720131,3.35,3.73,4.243,4.9197,5.3311,5.5942,5.771,5.8953,5.9864,6.0556,6.1097,6.1531,6.1886,6.2183,6.2433,6.2648,6.2835
19720229,3.46,3.78,4.2036,4.8476,5.2582,5.5306,5.7185,5.8531,5.9528,6.0291,6.089,6.1372,6.1767,6.2097,6.2376,6.2615,6.2823
19720330,3.83,4.39,5.0208,5.5715,5.8148,5.9438,6.0221,6.0744,6.1118,6.1399,6.1617,6.1792,6.1935,6.2054,6.2154,6.2241,6.2315
19720428,3.63,4.04,4.5459,5.1766,5.5261,5.7355,5.8703,5.9626,6.0294,6.0796,6.1187,6.1501,6.1757,6.1971,6.2151,6.2306,6.2441
19720531,3.81,4.17,4.569,5.0607,5.387,5.6106,5.7687,5.884,5.9706,6.0373,6.09,6.1326,6.1675,6.1967,6.2215,6.2427,6.2611
19720630,4.06,4.57,5.0769,5.5089,5.7368,5.8691,5.9528,6.0096,6.0505,6.0812,6.1051,6.1242,6.1398,6.1529,6.1639,6.1733,6.1815
19720731,3.8,4.32,4.7773,5.3989,5.6903,5.8488,5.9459,6.0111,6.0577,6.0926,6.1198,6.1415,6.1593,6.1742,6.1867,6.1975,6.2068
19720831,4.55,4.97,5.3263,5.7237,5.9478,6.0836,6.1717,6.2323,6.2761,6.3092,6.335,6.3556,6.3725,6.3865,6.3984,6.4086,6.4175
19720929,4.55,5.16,5.4438,5.8195,6.0145,6.1267,6.1972,6.245,6.2793,6.3051,6.3251,6.3412,6.3543,6.3653,6.3745,6.3825,6.3893
19721031,4.76,5.11,5.4437,5.8419,6.02,6.1148,6.1725,6.2111,6.2387,6.2594,6.2755,6.2884,6.2989,6.3077,6.3151,6.3215,6.327
19721130,4.88,5.17,5.3223,5.6965,5.8919,6.0046,6.0756,6.1237,6.1583,6.1843,6.2045,6.2207,6.2339,6.245,6.2543,6.2623,6.2692
19721229,5.14,5.39,5.657,5.9204,6.0547,6.1311,6.1788,6.2111,6.2343,6.2517,6.2652,6.276,6.2849,6.2923,6.2985,6.3038,6.3085
19730131,5.68,5.84,6.1379,6.279,6.3292,6.3521,6.365,6.3734,6.3794,6.3838,6.3873,6.39,6.3923,6.3942,6.3957,6.3971,6.3983
19730228,5.85,6.12,6.4345,6.597,6.6369,6.629,6.6054,6.5789,6.5543,6.5331,6.5152,6.5001,6.4875,6.4768,6.4677,6.4598,6.453
19730330,6.4,6.77,6.9905,6.8679,6.7675,6.7043,6.6639,6.6365,6.6169,6.6022,6.5907,6.5815,6.574,6.5678,6.5625,6.5579,6.554
19730430,6.23,6.54,6.7314,6.7019,6.6603,6.6351,6.6194,6.6088,6.6013,6.5957,6.5913,6.5878,6.5849,6.5825,6.5805,6.5788,6.5773
19730531,6.92,6.99,7.0342,6.82,6.7415,6.7023,6.6787,6.663,6.6518,6.6434,6.6368,6.6316,6.6273,6.6238,6.6207,6.6181,6.6159
19730629,7.52,7.64,7.5887,7.0981,6.9194,6.83,6.7763,6.7405,6.715,6.6958,6.6809,6.669,6.6593,6.6511,6.6442,6.6383,6.6332
19730731,8.32,8.4,8.6946,8.0664,7.7588,7.6,7.5045,7.4408,7.3953,7.3612,7.3347,7.3134,7.2961,7.2816,7.2694,7.2589,7.2498
19730831,8.66,8.66,8.2944,7.6208,7.2854,7.12,7.0397,7.0018,6.9848,6.978,6.9761,6.9764,6.9776,6.9792,6.9808,6.9823,6.9836
19730928,6.98,7.51,7.2711,6.8676,6.67,6.5901,6.5756,6.5957,6.6325,6.6758,6.7202,6.7629,6.8023,6.8382,6.8705,6.8994,6.9252
19731031,7.36,7.37,7.0027,6.751,6.6859,6.6631,6.652,6.6451,6.6403,6.6367,6.634,6.6317,6.6299,6.6284,6.6271,6.626,6.6251
19731130,7.3,7.72,7.1822,6.8125,6.6891,6.6275,6.5905,6.5658,6.5482,6.5349,6.5247,6.5164,6.5097,6.5041,6.4994,6.4953,6.4918
19731231,7.46,7.43,7.2024,6.7885,6.6782,6.6632,6.6747,6.6911,6.7062,6.7189,6.7292,6.7377,6.7447,6.7505,6.7555,6.7597,6.7634
19740131,7.48,7.21,6.9926,6.7347,6.7191,6.7577,6.8001,6.8354,6.863,6.8846,6.9017,6.9154,6.9267,6.9361,6.9441,6.9509,6.9568
19740228,7.46,7.34,6.9881,6.815,6.8253,6.8424,6.8541,6.8622,6.8679,6.8722,6.8756,6.8783,6.8805,6.8823,6.8839,6.8852,6.8864
19740329,8.28,8.2,8.1573,7.7276,7.5678,7.4872,7.4387,7.4064,7.3834,7.3661,7.3526,7.3419,7.3331,7.3257,7.3195,7.3142,7.3096
19740430,8.9,8.79,8.7808,8.3138,8.0802,7.9488,7.867,7.8119,7.7723,7.7427,7.7196,7.7011,7.686,7.6734,7.6628,7.6537,7.6457
19740531,8.08,8.29,8.454,8.0729,7.902,7.8108,7.7553,7.7182,7.6917,7.6718,7.6563,7.6439,7.6338,7.6254,7.6182,7.6121,7.6068
19740628,7.34,7.92,8.5459,8.3018,8.1328,8.013,7.9259,7.861,7.8115,7.7729,7.7422,7.7173,7.6967,7.6795,7.6649,7.6524,7.6415
19740731,7.67,8.23,8.6473,8.5251,8.407,8.2929,8.1825,8.0758,7.9726,7.8729,7.7764,7.683,7.5927,7.5052,7.4206,7.3387,7.2594
19740830,8.93,9.42,9.4411,8.7922,8.4988,8.3483,8.2579,8.1975,8.1545,8.1221,8.097,8.0769,8.0605,8.0467,8.0351,8.0252,8.0166
19740930,6.12,7.28,8.0664,7.9713,7.9089,7.8758,7.8559,7.8426,7.8331,7.8259,7.8204,7.816,7.8123,7.8093,7.8068,7.8046,7.8027
19741031,7.8,7.77,7.7573,7.7712,7.7709,7.7577,7.7331,7.6984,7.6545,7.6026,7.5437,7.4785,7.408,7.3327,7.2533,7.1705,7.0848
19741129,7.47,7.56,7.4107,7.4012,7.3913,7.3808,7.37,7.3587,7.3471,7.335,7.3227,7.3101,7.2971,7.2839,7.2705,7.2568,7.2429
19741231,7.06,7.05,7.1447,7.1538,7.1571,7.1587,7.1597,7.1604,7.1608,7.1612,7.1615,7.1617,7.1619,7.162,7.1621,7.1622,7.1623
19750131,5.68,5.86,6.2389,6.67,6.9108,7.0414,7.1207,7.1737,7.2115,7.2399,7.262,7.2796,7.2941,7.3061,7.3163,7.325,7.3326
19750228,5.4,5.6,5.9168,6.2788,6.5945,6.8006,6.9345,7.0259,7.0916,7.1409,7.1793,7.21,7.2352,7.2561,7.2738,7.289,7.3022
19750331,5.53,5.76,6.2417,6.7571,7.0298,7.1766,7.2657,7.3251,7.3676,7.3994,7.4242,7.444,7.4603,7.4738,7.4852,7.495,7.5035
19750430,5.5,5.91,6.7913,7.412,7.6429,7.7587,7.8282,7.8746,7.9077,7.9325,7.9518,7.9672,7.9799,7.9904,7.9993,8.0069,8.0136
19750530,5.2,5.44,6.1062,6.7811,7.1327,7.3271,7.4464,7.5262,7.5833,7.6261,7.6594,7.686,7.7078,7.7259,7.7413,7.7545,7.7659
19750630,5.86,6.12,6.7608,7.1349,7.3454,7.4644,7.5322,7.5713,7.5941,7.6077,7.616,7.6212,7.6247,7.6271,7.6289,7.6303,7.6313
19750731,6.25,6.68,7.1823,7.5714,7.7218,7.7699,7.7762,7.7667,7.7527,7.7384,7.7255,7.7142,7.7046,7.6963,7.6893,7.6831,7.6778
19750829,6.36,6.87,7.3436,7.6802,7.8182,7.8736,7.895,7.9025,7.9044,7.9043,7.9035,7.9025,7.9016,7.9007,7.9,7.8993,7.8987
19750930,6.58,7.02,7.5426,7.9481,8.1054,8.1608,8.1755,8.1748,8.1691,8.1623,8.1559,8.1502,8.1453,8.1412,8.1376,8.1345,8.1318
19751031,5.51,5.71,6.3438,6.9265,7.2485,7.428,7.5381,7.6118,7.6644,7.7039,7.7347,7.7593,7.7794,7.7961,7.8103,7.8225,7.833
19751128,5.54,5.99,6.5853,7.1416,7.4366,7.6067,7.7131,7.7846,7.8356,7.8738,7.9034,7.9271,7.9465,7.9626,7.9762,7.9879,7.9981
19751231,5.2,5.49,6.1325,6.6944,7.026,7.2314,7.3657,7.4584,7.5255,7.5762,7.6156,7.6472,7.673,7.6946,7.7128,7.7284,7.742
19760130,4.73,5,5.5627,6.4029,6.8866,7.1603,7.3291,7.4422,7.5231,7.5838,7.631,7.6687,7.6996,7.7254,7.7471,7.7658,7.782
19760227,5,5.5,6.0952,6.7378,7.0558,7.2287,7.3342,7.4047,7.4551,7.493,7.5224,7.5459,7.5651,7.5812,7.5948,7.6064,7.6165
19760331,4.97,5.36,6.0262,6.6315,6.9556,7.1454,7.266,7.3481,7.4072,7.4516,7.4862,7.5139,7.5366,7.5554,7.5714,7.5851,7.597
19760430,4.91,5.29,5.9891,6.582,6.9104,7.1071,7.2337,7.3205,7.3831,7.4303,7.4671,7.4965,7.5206,7.5407,7.5576,7.5722,7.5848
19760528,5.49,5.91,6.6995,7.2011,7.4238,7.5365,7.6016,7.6436,7.6729,7.6947,7.7116,7.7251,7.7361,7.7453,7.753,7.7597,7.7654
19760630,5.37,5.76,6.3932,6.883,7.1583,7.3247,7.4324,7.5065,7.5601,7.6005,7.6319,7.6571,7.6778,7.6949,7.7095,7.7219,7.7327
19760730,5.17,5.49,6.1161,6.669,7.0008,7.211,7.3513,7.4495,7.5213,7.5758,7.6183,7.6524,7.6803,7.7036,7.7233,7.7402,7.7548
19760831,5.09,5.35,5.9275,6.4427,6.7808,7.0103,7.1714,7.2882,7.3756,7.4428,7.4958,7.5385,7.5735,7.6028,7.6276,7.6489,7.6674
19760930,5.06,5.3,5.8056,6.251,6.576,6.8173,6.9995,7.1395,7.249,7.336,7.4063,7.464,7.5119,7.5522,7.5866,7.6161,7.6418
19761029,4.89,5.06,5.5427,5.9922,6.3309,6.5896,6.7897,6.9468,7.0717,7.1725,7.2548,7.3229,7.3798,7.4281,7.4693,7.5049,7.5359
19761130,4.42,4.57,5.018,5.3661,5.6718,5.9409,6.1783,6.3883,6.5746,6.7402,6.8879,7.0199,7.1381,7.2444,7.3401,7.4265,7.5048
19761231,4.34,4.5,4.9313,5.3607,5.7077,5.9797,6.1907,6.3548,6.4833,6.5853,6.6674,6.7344,6.7898,6.8364,6.8759,6.9099,6.9394
19770131,4.72,5.02,5.6554,6.1686,6.501,6.7242,6.8797,6.9917,7.0751,7.1391,7.1894,7.2299,7.2631,7.2908,7.3143,7.3345,7.3519
19770228,4.7,4.95,5.5305,6.094,6.468,6.7241,6.9052,7.0372,7.1362,7.2126,7.2729,7.3216,7.3616,7.395,7.4233,7.4475,7.4686
19770331,4.54,4.78,5.4275,5.9937,6.3923,6.6731,6.874,7.0209,7.1311,7.2159,7.2827,7.3364,7.3806,7.4174,7.4486,7.4754,7.4986
19770429,4.69,4.92,5.507,6.0494,6.4248,6.6909,6.8844,7.0285,7.1385,7.2242,7.2925,7.3478,7.3935,7.4317,7.4642,7.4921,7.5162
19770531,5.03,5.23,5.7504,6.1237,6.4143,6.6429,6.8245,6.9704,7.0887,7.1858,7.2662,7.3335,7.3903,7.4388,7.4805,7.5167,7.5483
19770630,4.98,5.19,5.6265,5.9819,6.2625,6.4859,6.6655,6.8112,6.9305,7.029,7.1112,7.1804,7.2391,7.2894,7.3328,7.3705,7.4035
19770729,5.4,5.7,6.0889,6.4129,6.65,6.8265,6.96,7.0629,7.1434,7.2075,7.2593,7.3018,7.3372,7.367,7.3923,7.4142,7.4332
19770831,5.56,5.86,6.2191,6.4595,6.6425,6.7834,6.8934,6.9802,7.0497,7.1061,7.1523,7.1906,7.2228,7.25,7.2734,7.2936,7.3112
19770930,5.89,6.19,6.5127,6.6948,6.8352,6.9446,7.0308,7.0995,7.155,7.2002,7.2374,7.2685,7.2947,7.3169,7.336,7.3525,7.367
19771031,6.18,6.51,6.8358,7.0398,7.1659,7.2475,7.3029,7.3421,7.3708,7.3928,7.4099,7.4237,7.435,7.4444,7.4523,7.4592,7.4651
19771130,6.04,6.37,6.7586,6.9434,7.0731,7.1662,7.2345,7.2858,7.3252,7.356,7.3806,7.4007,7.4172,7.4311,7.4428,7.453,7.4617
19771230,6.13,6.44,6.8873,7.1044,7.2616,7.3776,7.4647,7.5314,7.5833,7.6244,7.6575,7.6847,7.7072,7.7261,7.7422,7.7561,7.7681
19780131,6.42,6.69,7.1202,7.316,7.4573,7.5611,7.6389,7.6983,7.7444,7.781,7.8104,7.8344,7.8544,7.8711,7.8854,7.8977,7.9083
19780228,6.42,6.71,7.1602,7.4052,7.5633,7.6692,7.7428,7.7958,7.8352,7.8655,7.8892,7.9084,7.9241,7.9372,7.9482,7.9578,7.966
19780331,6.47,6.74,7.2575,7.5263,7.6774,7.7688,7.828,7.8687,7.8982,7.9203,7.9376,7.9515,7.9628,7.9723,7.9803,7.9871,7.993
19780428,6.35,6.86,7.4114,7.6945,7.8207,7.8878,7.9287,7.9559,7.9754,7.9901,8.0015,8.0106,8.018,8.0242,8.0295,8.034,8.0379
19780531,6.65,7.16,7.7821,7.9794,8.0492,8.0842,8.1052,8.1192,8.1292,8.1367,8.1425,8.1472,8.151,8.1542,8.1569,8.1592,8.1612
19780630,7.01,7.41,8.1773,8.3074,8.3408,8.3557,8.3643,8.3701,8.3742,8.3773,8.3797,8.3816,8.3832,8.3845,8.3856,8.3865,8.3874
19780731,6.76,7.31,8.1543,8.2574,8.2808,8.2918,8.2984,8.3028,8.3059,8.3082,8.3101,8.3115,8.3127,8.3137,8.3146,8.3153,8.3159
19780831,7.54,7.68,8.2227,8.2396,8.2225,8.2094,8.2008,8.1949,8.1907,8.1876,8.1851,8.1832,8.1816,8.1802,8.1791,8.1781,8.1773
19780929,7.98,8.31,8.62,8.4319,8.3565,8.3186,8.2958,8.2806,8.2697,8.2616,8.2553,8.2502,8.2461,8.2426,8.2397,8.2372,8.235
19781031,8.75,9.23,9.4729,9.177,8.9868,8.8828,8.8198,8.7776,8.7476,8.725,8.7074,8.6934,8.6819,8.6723,8.6642,8.6573,8.6513
19781130,9.01,9.26,9.7248,9.2456,8.9594,8.8003,8.7032,8.6383,8.5918,8.557,8.53,8.5083,8.4906,8.4758,8.4633,8.4526,8.4433
19781229,9.26,9.48,10.2781,9.7661,9.4085,9.1959,9.063,8.9736,8.9096,8.8616,8.8243,8.7944,8.77,8.7496,8.7324,8.7176,8.7048
19790131,9.29,9.35,9.8233,9.3233,9.0262,8.8637,8.7648,8.6988,8.6517,8.6163,8.5888,8.5668,8.5488,8.5338,8.5211,8.5102,8.5008
19790228,9.45,9.49,9.921,9.4846,9.2288,9.0884,9.003,8.9459,8.9052,8.8746,8.8508,8.8318,8.8162,8.8033,8.7923,8.7829,8.7747
19790330,9.44,9.47,9.6876,9.3672,9.157,9.03,8.9496,8.8952,8.8563,8.827,8.8043,8.786,8.7712,8.7587,8.7482,8.7392,8.7314
19790430,9.56,9.57,9.8196,9.5032,9.2999,9.1803,9.1056,9.0553,9.0194,8.9924,8.9714,8.9546,8.9409,8.9294,8.9197,8.9114,8.9042
19790531,9.57,9.46,9.5538,9.171,8.9869,8.8901,8.8316,8.7925,8.7647,8.7438,8.7275,8.7145,8.7038,8.695,8.6875,8.681,8.6755
19790629,8.95,8.95,8.9277,8.6752,8.5898,8.5471,8.5215,8.5044,8.4923,8.4831,8.476,8.4703,8.4656,8.4618,8.4585,8.4557,8.4532
19790731,9.18,9.28,9.3854,9.003,8.8663,8.7979,8.7569,8.7295,8.71,8.6953,8.6839,8.6748,8.6673,8.6611,8.6558,8.6513,8.6474
19790831,9.81,9.8,10.0474,9.4881,9.2422,9.1158,9.0398,8.9891,8.9529,8.9258,8.9047,8.8878,8.874,8.8625,8.8527,8.8444,8.8371
19790928,10.12,10.12,10.5186,9.796,9.4998,9.35,9.2601,9.2001,9.1573,9.1251,9.1001,9.0801,9.0638,9.0502,9.0386,9.0287,9.0202
19791031,12.12,12.11,12.3675,11.6522,11.1973,10.8982,10.6947,10.551,10.446,10.3668,10.3052,10.2561,10.2161,10.1828,10.1547,10.1307,10.1099
19791130,11.49,11.47,11.2762,10.6389,10.2874,10.0982,10.0006,9.954,9.9354,9.9316,9.9354,9.9427,9.9513,9.9601,9.9686,9.9764,9.9836
19791231,12.04,11.82,11.4596,10.7371,10.3205,10.0904,9.9727,9.9215,9.9088,9.9175,9.9374,9.9624,9.9891,10.0154,10.0405,10.0637,10.085
19800131,12,11.87,11.7677,11.1889,10.8612,10.6926,10.6231,10.6138,10.6396,10.6847,10.7392,10.7968,10.8541,10.909,10.9605,11.0081,11.0518
19800229,14.01,13.99,14.5097,13.9358,13.2341,12.7313,12.4214,12.2407,12.1362,12.0743,12.0357,12.0101,11.9918,11.9778,11.9667,11.9574,11.9496
19800331,14.24,14.71,15.1069,13.978,13.0822,12.47,12.0978,11.9013,11.8224,11.817,11.8542,11.9137,11.9829,12.0543,12.1237,12.1889,12.2491
19800430,10.39,10.41,10.6552,10.2123,10.0818,10.0927,10.1612,10.2473,10.3332,10.4118,10.4809,10.5406,10.592,10.6361,10.6741,10.7071,10.7359
19800530,7.75,8.02,8.7056,8.9651,9.1042,9.2493,9.4126,9.581,9.7418,9.8879,10.0167,10.1284,10.2247,10.3077,10.3793,10.4415,10.4957
19800630,7.88,7.89,8.5252,8.8705,9.096,9.2447,9.3483,9.4299,9.506,9.5879,9.6829,9.7956,9.9281,10.081,10.2539,10.4455,10.6541
19800731,8.62,8.68,9.076,9.5049,9.7395,9.8704,9.9544,10.0257,10.1031,10.1962,10.3082,10.4389,10.5861,10.7465,10.9167,11.0934,11.2735
19800829,9.96,10.26,11.0678,11.2505,11.2956,11.2632,11.1947,11.1182,11.0516,11.0058,10.9866,10.9962,11.0346,11.1001,11.1902,11.3018,11.4317
19800930,11.44,11.46,11.8352,11.7668,11.6226,11.492,11.4055,11.3667,11.3682,11.3998,11.4514,11.5151,11.5847,11.6561,11.7262,11.7935,11.857
19801031,12.71,12.78,12.965,12.5516,12.3444,12.2345,12.1681,12.1238,12.0921,12.0684,12.0499,12.0351,12.0231,12.013,12.0045,11.9972,11.9908
19801128,14.48,14.28,14.0755,13.262,12.8453,12.5853,12.4114,12.2898,12.2014,12.1346,12.0825,12.0408,12.0067,11.9783,11.9542,11.9336,11.9157
19801231,14.3,13.76,13.0568,12.2879,12.1179,12.0498,11.9982,11.9538,11.9165,11.8861,11.8615,11.8414,11.8248,11.8109,11.7992,11.7891,11.7803
19810130,14.59,13.63,13.5379,12.624,12.3514,12.2331,12.1661,12.1221,12.0909,12.0674,12.0492,12.0346,12.0227,12.0128,12.0044,11.9971,11.9909
19810227,14.22,13.89,13.6658,13.1795,13.0302,12.9557,12.911,12.8812,12.8599,12.8439,12.8315,12.8216,12.8134,12.8067,12.8009,12.796,12.7917
19810331,12.46,12.03,12.5838,12.7252,12.7735,12.7977,12.8121,12.8218,12.8287,12.8339,12.8379,12.8411,12.8438,12.846,12.8478,12.8494,12.8508
19810430,14.86,14.21,14.3715,14.0235,13.847,13.7158,13.6137,13.5354,13.4754,13.429,13.3924,13.363,13.3388,13.3187,13.3016,13.287,13.2743
19810529,15.1,14.02,14.4828,13.8939,13.5262,13.2614,13.0803,12.9546,12.8638,12.7956,12.7425,12.7,12.6652,12.6362,12.6117,12.5907,12.5725
19810630,14.28,13.88,14.1452,13.853,13.6219,13.4434,13.3192,13.2326,13.17,13.1229,13.0863,13.0569,13.0329,13.0129,12.996,12.9815,12.969
19810731,14.87,14.87,15.4688,14.9866,14.6751,14.4249,14.2177,14.0485,13.9121,13.8023,13.7136,13.641,13.5811,13.5308,13.4881,13.4515,13.4198
19810831,15.52,15.69,16.11,15.6968,15.3142,15.0353,14.8433,14.7106,14.6162,14.5464,14.4929,14.4506,14.4163,14.3878,14.3637,14.3431,14.3252
19810930,14.34,14.79,15.6917,15.7815,15.5746,15.3498,15.1776,15.0611,14.9866,14.94,14.9108,14.8921,14.8798,14.8713,14.8651,14.8604,14.8565
19811030,12.75,12.9,14.0533,14.0358,14.0541,14.0829,14.11,14.1303,14.1427,14.1478,14.1469,14.1413,14.1326,14.1218,14.1097,14.097,14.0843
19811130,10.37,10.7,11.3575,11.8977,12.1464,12.2578,12.3111,12.3448,12.376,12.411,12.4508,12.4943,12.54,12.5863,12.6318,12.6756,12.7172
19811231,11.08,11.98,13.2576,13.445,13.4536,13.4627,13.4752,13.4866,13.4957,13.5028,13.5085,13.513,13.5167,13.5197,13.5223,13.5246,13.5265
19820129,12.52,12.7,13.7221,13.7523,13.7064,13.6667,13.6452,13.6375,13.6375,13.6411,13.6461,13.6513,13.6562,13.6605,13.6644,13.6677,13.6707
19820226,12.44,13.01,13.6109,13.7127,13.6395,13.527,13.4317,13.3713,13.3464,13.3505,13.3758,13.4151,13.4626,13.5141,13.5665,13.6179,13.6672
19820331,13.26,13.15,13.8479,13.8444,13.8088,13.7533,13.6875,13.6182,13.5499,13.4852,13.4255,13.3713,13.3225,13.279,13.2402,13.2057,13.1749
19820430,12.34,12.49,13.3304,13.4278,13.3923,13.3196,13.2452,13.1802,13.1265,13.0829,13.0476,13.0187,12.9948,12.9748,12.9578,12.9432,12.9306
19820528,11.5,11.66,12.7374,13.053,13.1142,13.1156,13.1059,13.096,13.088,13.0817,13.0767,13.0727,13.0694,13.0667,13.0644,13.0624,13.0607
19820630,12.76,13.02,14.0085,14.1275,14.075,13.9778,13.8809,13.7974,13.7289,13.6735,13.6287,13.592,13.5617,13.5363,13.5147,13.4962,13.4801
19820730,10.17,11.15,12.547,12.8435,12.955,13.013,13.048,13.0713,13.088,13.1005,13.1102,13.118,13.1244,13.1297,13.1342,13.138,13.1414
19820831,8.42,9.61,11.1616,11.7785,11.9681,12.0618,12.1179,12.1554,12.1821,12.2021,12.2177,12.2302,12.2404,12.2489,12.2561,12.2623,12.2676
19820930,7.62,8.76,10.3938,11.0633,11.2943,11.4098,11.4792,11.5254,11.5584,11.5832,11.6024,11.6178,11.6304,11.6409,11.6498,11.6574,11.664
19821029,7.9,8.37,9.3025,10.0049,10.2861,10.4273,10.5121,10.5686,10.6089,10.6392,10.6627,10.6816,10.697,10.7098,10.7207,10.73,10.7381
19821130,8.28,8.57,9.2379,9.8271,10.2038,10.4418,10.5917,10.6867,10.7479,10.7881,10.8154,10.8347,10.8488,10.8595,10.868,10.8749,10.8807
19821231,7.92,8,8.8379,9.4221,9.8298,10.1044,10.2811,10.3877,10.4463,10.4744,10.4854,10.4896,10.4947,10.5062,10.5282,10.5632,10.6129
19830131,8.1,8.22,8.913,9.5295,9.9762,10.2935,10.5141,10.664,10.7643,10.8315,10.8784,10.9149,10.9486,10.9852,11.0285,11.0814,11.1456
19830228,7.93,7.96,8.6276,9.2003,9.5975,9.8659,10.0424,10.156,10.229,10.2784,10.3172,10.3548,10.3981,10.4516,10.5183,10.6001,10.6977
19830331,8.64,8.68,9.2239,9.658,9.9705,10.1905,10.3417,10.4431,10.5101,10.5549,10.587,10.6139,10.6413,10.6734,10.7131,10.7627,10.8233
19830429,8.08,8.09,8.729,9.2063,9.5578,9.8115,9.9902,10.1128,10.1945,10.248,10.2831,10.3078,10.3283,10.3496,10.3752,10.4077,10.4492
19830531,8.63,8.72,9.2382,9.7467,10.1059,10.3528,10.5171,10.6224,10.6876,10.7274,10.7533,10.7741,10.7963,10.8247,10.8626,10.9122,10.9748
19830630,8.79,8.88,9.5668,10.0113,10.3275,10.5459,10.6915,10.7845,10.8411,10.874,10.8934,10.9072,10.9214,10.9403,10.9672,11.0043,11.053
19830729,9.22,9.45,10.2044,10.7451,11.0795,11.2911,11.4285,11.5206,11.5844,11.6301,11.6642,11.6903,11.711,11.7279,11.7418,11.7536,11.7638
19830831,9.26,9.53,10.3058,10.8785,11.2107,11.4126,11.5428,11.632,11.6962,11.7446,11.7823,11.8124,11.837,11.8576,11.875,11.8899,11.9028
19830930,8.71,8.88,9.6662,10.2634,10.651,10.9018,11.0648,11.1716,11.2427,11.291,11.3248,11.3491,11.3671,11.381,11.392,11.401,11.4085
19831031,8.51,8.75,9.6085,10.2961,10.7436,11.0369,11.2315,11.363,11.4538,11.5183,11.5655,11.6011,11.6288,11.6509,11.669,11.6842,11.6972
19831130,8.88,9.04,9.7146,10.3289,10.748,11.0143,11.1795,11.2825,11.3483,11.3921,11.4228,11.4453,11.4627,11.4766,11.488,11.4977,11.5059
19831230,8.97,9.14,9.9521,10.5502,10.9368,11.187,11.3501,11.458,11.5309,11.5815,11.6176,11.6444,11.6649,11.681,11.6941,11.705,11.7142
19840131,8.89,8.97,9.7029,10.2756,10.6937,10.9772,11.1634,11.2846,11.3642,11.4176,11.4546,11.4813,11.5013,11.5168,11.5294,11.5398,11.5486
19840229,9.14,9.31,10.0702,10.6734,11.0817,11.3522,11.5295,11.6456,11.7221,11.7734,11.8085,11.8333,11.8513,11.8649,11.8756,11.8841,11.8912
19840330,9.72,9.86,10.6885,11.2276,11.5968,11.846,12.0109,12.117,12.1823,12.2196,12.238,12.2437,12.2412,12.2336,12.2228,12.2104,12.1973
19840430,9.72,9.91,10.7854,11.4054,11.8238,12.1025,12.2847,12.4008,12.4719,12.5124,12.5327,12.5395,12.5378,12.5307,12.5205,12.5086,12.496
19840531,9.75,10.58,11.9241,12.5567,12.9188,13.141,13.282,13.3771,13.4453,13.4964,13.5362,13.568,13.594,13.6157,13.6341,13.6498,13.6635
19840629,9.92,10.46,11.9854,12.7456,13.0482,13.1982,13.2869,13.3459,13.3881,13.4198,13.4446,13.4644,13.4806,13.4941,13.5055,13.5153,13.5238
19840731,10.4,10.64,11.6765,12.1545,12.3161,12.399,12.4557,12.4985,12.5318,12.5579,12.5787,12.5955,12.6093,12.6209,12.6307,12.6391,12.6463
19840831,10.63,10.73,11.6763,12.1244,12.3176,12.3963,12.4244,12.4309,12.4289,12.4239,12.4183,12.4129,12.4081,12.4039,12.4002,12.397,12.3943
19840928,10.22,10.34,11.1979,11.7064,11.9635,12.0844,12.1331,12.1446,12.1378,12.1229,12.1052,12.0873,12.0704,12.055,12.0412,12.0289,12.0179
19841031,9.01,9.27,10.2749,10.8345,11.1274,11.2826,11.3666,11.4135,11.4409,11.4579,11.4691,11.4771,11.483,11.4878,11.4917,11.4949,11.4977
19841130,8.44,8.67,9.4893,10.2504,10.72,11.0045,11.1739,11.2737,11.3328,11.3695,11.3948,11.4153,11.4344,11.4541,11.475,11.4973,11.5208
19841231,7.85,8.19,9.1143,9.9548,10.4881,10.8312,11.056,11.2066,11.3101,11.3834,11.437,11.4774,11.5089,11.5342,11.555,11.5724,11.5873
19850131,8.05,8.16,8.9924,9.7278,10.2186,10.5378,10.7394,10.8631,10.9374,10.9826,11.013,11.0383,11.0646,11.0959,11.1342,11.1805,11.2349
19850228,8.5,8.8,9.7178,10.4262,10.905,11.2235,11.4322,11.5675,11.6555,11.7144,11.7569,11.7913,11.8233,11.8562,11.8919,11.9315,11.9751
19850329,8.18,8.55,9.5094,10.2664,10.7302,11.0214,11.2107,11.3395,11.4318,11.5016,11.5571,11.6029,11.6418,11.6757,11.7056,11.7322,11.756
19850430,7.85,8.11,9.031,9.8355,10.3493,10.6863,10.9157,11.0791,11.2016,11.298,11.3772,11.4446,11.5034,11.5555,11.6022,11.6444,11.6826
19850531,7.14,7.24,8.0683,8.8326,9.3263,9.6447,9.8531,9.9952,10.0998,10.1854,10.2631,10.3397,10.4186,10.5011,10.5877,10.6776,10.7702
19850628,6.83,6.97,7.8124,8.6052,9.1723,9.5701,9.8435,10.0278,10.1508,10.2341,10.294,10.3429,10.3899,10.4418,10.5029,10.5762,10.6634
19850731,7.28,7.42,8.2007,8.9401,9.4775,9.8619,10.1326,10.3208,10.4512,10.5431,10.6113,10.6674,10.7197,10.7746,10.8365,10.9082,10.9917
19850830,7.14,7.31,7.9553,8.7677,9.3034,9.653,9.881,10.0327,10.1395,10.2225,10.2955,10.3673,10.4429,10.5248,10.6142,10.7108,10.814
19850930,7.04,7.06,8.011,8.7718,9.2769,9.6148,9.8463,10.0128,10.1418,10.2511,10.3519,10.4507,10.5511,10.6546,10.7614,10.8713,10.9834
19851031,7.19,7.29,7.9583,8.5834,9.0251,9.3387,9.5649,9.733,9.864,9.9726,10.0688,10.1593,10.2484,10.3385,10.431,10.5264,10.6247
19851129,7.16,7.26,7.7914,8.3148,8.6991,8.9852,9.2024,9.3712,9.5061,9.6172,9.7115,9.7938,9.8673,9.9343,9.9963,10.0541,10.1086
19851231,7.05,7.08,7.6074,7.9363,8.1951,8.4044,8.5788,8.728,8.859,8.9762,9.0828,9.181,9.2721,9.3571,9.4367,9.5114,9.5816
19860131,6.97,7.05,7.5967,7.942,8.2217,8.4533,8.6486,8.8159,8.9613,9.089,9.202,9.3027,9.393,9.4742,9.5475,9.6138,9.6741
19860228,7.02,7.01,7.4333,7.6473,7.7883,7.8867,7.9608,8.0217,8.0756,8.1258,8.174,8.2209,8.2666,8.311,8.3539,8.3952,8.4346
19860331,6.34,6.28,6.829,7.0092,7.1372,7.231,7.3023,7.3587,7.405,7.4443,7.4786,7.5091,7.5367,7.5619,7.585,7.6064,7.6261
19860430,6.1,6.15,6.6112,6.9315,7.1297,7.2558,7.3405,7.4018,7.4505,7.4923,7.5306,7.5669,7.6018,7.6355,7.668,7.6993,7.7291
19860530,6.3,6.4,6.8865,7.419,7.737,7.9282,8.0462,8.123,8.1773,8.2197,8.2561,8.2894,8.3211,8.3517,8.3813,8.4099,8.4374
19860630,5.96,5.95,6.5566,6.9431,7.1914,7.3545,7.4658,7.5457,7.6068,7.6565,7.6992,7.7374,7.7724,7.8051,7.8357,7.8645,7.8915
19860731,5.79,5.8,6.3173,6.6756,6.9403,7.1444,7.3081,7.4437,7.5589,7.6588,7.7465,7.8242,7.8935,7.9556,8.0113,8.0614,8.1067
19860829,5.17,5.17,5.5691,5.9834,6.2933,6.5353,6.7316,6.8959,7.0366,7.1592,7.2674,7.3635,7.4493,7.5262,7.5954,7.6577,7.7139
19860930,5.2,5.39,5.9166,6.4215,6.7843,7.0564,7.2692,7.442,7.5867,7.7107,7.8186,7.9138,7.9982,8.0736,8.1412,8.202,8.2568
19861031,5.2,5.28,5.781,6.2049,6.5293,6.7891,7.0046,7.1874,7.3448,7.4816,7.6012,7.706,7.7983,7.8797,7.9517,8.0156,8.0725
19861128,5.39,5.42,5.7933,6.1229,6.3937,6.6254,6.8278,7.0058,7.1628,7.301,7.4225,7.5293,7.6232,7.7057,7.7785,7.8428,7.8998
19861231,5.67,5.63,6.1155,6.3613,6.5622,6.7421,6.9088,7.0639,7.2072,7.3381,7.4565,7.5628,7.6578,7.7423,7.8175,7.8843,7.9439
19870130,5.6,5.59,5.976,6.2254,6.4405,6.6337,6.8092,6.9687,7.1127,7.2419,7.3571,7.4596,7.5503,7.6307,7.7019,7.765,7.8212
19870227,5.45,5.45,6.0294,6.2886,6.4822,6.6475,6.7981,6.9378,7.0668,7.185,7.292,7.3881,7.4738,7.5501,7.6179,7.6781,7.7316
19870331,5.61,5.74,6.2574,6.5257,6.7329,6.9106,7.0702,7.2153,7.3466,7.4647,7.5699,7.6632,7.7456,7.8183,7.8823,7.9389,7.9891
19870430,5.53,5.96,6.9239,7.3362,7.5338,7.7036,7.862,8.0018,8.1197,8.2169,8.2966,8.3621,8.4165,8.4622,8.5009,8.5342,8.5631
19870529,5.68,6.16,7.1744,7.6402,7.8522,7.9955,8.1184,8.2294,8.3282,8.4143,8.4882,8.5512,8.6047,8.6504,8.6897,8.7236,8.7531
19870630,5.73,5.91,6.9199,7.36,7.646,7.8547,8.0186,8.1524,8.2634,8.3562,8.4342,8.5002,8.5562,8.604,8.6452,8.6809,8.712
19870731,6.07,6.15,6.9092,7.4298,7.77,8.0134,8.2006,8.3519,8.4779,8.5847,8.6759,8.7543,8.8221,8.8808,8.932,8.9768,9.0162
19870831,6.25,6.3,7.2432,7.773,8.1041,8.3356,8.5122,8.6544,8.7722,8.8714,8.9554,9.0271,9.0885,9.1413,9.1871,9.2269,9.2618
19870930,6.61,6.83,7.8631,8.4541,8.7799,8.997,9.162,9.2956,9.4064,9.499,9.5766,9.6419,9.6971,9.7441,9.7844,9.8192,9.8495
19871030,5.27,5.98,7.0578,7.6441,8.0177,8.2925,8.4963,8.6477,8.7614,8.8488,8.9173,8.9724,9.0175,9.0552,9.087,9.1143,9.138
19871130,5.21,6.1,7.1073,7.6733,8.0293,8.3007,8.5138,8.6802,8.81,8.912,8.9932,9.059,9.1131,9.1583,9.1965,9.2294,9.2578
19871231,5.68,6.17,7.2328,7.6822,7.9454,8.1714,8.368,8.535,8.6738,8.787,8.8774,8.9478,9.0005,9.0381,9.0625,9.0756,9.079
19880129,5.64,6.03,6.777,7.1331,7.371,7.566,7.746,7.9182,8.0814,8.2323,8.3673,8.4841,8.5811,8.6578,8.7145,8.7519,8.7711
19880229,5.62,5.78,6.6361,7.0214,7.2577,7.4447,7.6181,7.7868,7.9493,8.1016,8.2398,8.361,8.4636,8.547,8.6112,8.657,8.6854
19880331,5.71,6.04,6.8459,7.2929,7.5727,7.807,8.0204,8.2142,8.386,8.5346,8.6599,8.7629,8.8453,8.9087,8.9551,8.9864,9.0042
19880429,5.98,6.36,7.0981,7.5955,7.8813,8.0919,8.279,8.4582,8.6305,8.7923,8.9394,9.0687,9.1783,9.2673,9.3356,9.3839,9.4132
19880531,6.43,6.84,7.6423,8.0896,8.3084,8.4868,8.6557,8.814,8.9571,9.0825,9.1893,9.2778,9.3492,9.4049,9.4462,9.4747,9.4917
19880630,6.56,6.71,7.5141,7.8851,8.0526,8.1947,8.3368,8.4747,8.6022,8.7155,8.8132,8.8949,8.9615,9.0139,9.0534,9.0811,9.0983
19880729,6.95,7.13,7.9176,8.2453,8.3927,8.5016,8.6179,8.7492,8.8896,9.0304,9.1638,9.284,9.3874,9.4719,9.5369,9.5824,9.6092
19880831,7.3,7.49,8.2886,8.5442,8.6483,8.7329,8.8238,8.9193,9.0132,9.1005,9.1781,9.2447,9.2999,9.3438,9.377,9.4003,9.4146
19880930,7.25,7.46,8.1109,8.2847,8.3533,8.4226,8.5027,8.5871,8.6691,8.7448,8.8121,8.8704,8.9196,8.96,8.9921,9.0167,9.0343
19881031,7.36,7.49,7.9655,8.0897,8.1223,8.1745,8.2532,8.3457,8.4402,8.5292,8.6085,8.6762,8.7317,8.7752,8.8074,8.829,8.841
19881130,7.83,7.97,8.611,8.6901,8.6987,8.7266,8.7723,8.825,8.8769,8.924,8.9646,8.9978,9.0239,9.0432,9.0562,9.0634,9.0656
19881230,8.1,8.2,8.9648,8.9718,8.9671,8.9842,9.0037,9.0177,9.0243,9.024,9.0176,9.0064,8.9915,8.9737,8.954,8.933,8.9112
19890131,8.39,8.42,8.9319,8.9331,8.9078,8.8936,8.8862,8.8797,8.871,8.8593,8.8444,8.827,8.8075,8.7866,8.7648,8.7426,8.7202
19890228,8.71,8.71,9.3962,9.3649,9.3066,9.2727,9.2516,9.2338,9.2152,9.1944,9.1716,9.1471,9.1216,9.0955,9.0693,9.0435,9.0182
19890331,8.9,8.99,9.6584,9.5663,9.4589,9.3813,9.3174,9.26,9.2071,9.1585,9.1141,9.0739,9.0377,9.0053,8.9762,8.9502,8.9269
19890428,8.41,8.5,9.1162,9.0427,8.967,8.9313,8.919,8.916,8.9152,8.9132,8.9086,8.9012,8.891,8.8784,8.8638,8.8475,8.8299
19890531,8.61,8.38,8.7979,8.6589,8.5981,8.5711,8.5565,8.5467,8.5384,8.5307,8.5229,8.5151,8.5072,8.4993,8.4915,8.4838,8.4762
19890630,7.99,7.72,8.1332,7.9588,7.9246,7.9445,7.9783,8.0116,8.0395,8.0605,8.0745,8.0823,8.0844,8.0816,8.0748,8.0646,8.0516
19890731,7.8,7.45,7.6449,7.4532,7.4244,7.4596,7.5167,7.5788,7.6386,7.6932,7.7414,7.7831,7.8182,7.8471,7.8703,7.8882,7.9014
19890831,7.89,7.78,8.2914,8.2218,8.1865,8.1781,8.1794,8.1832,8.1866,8.1885,8.1887,8.1871,8.1841,8.1798,8.1743,8.168,8.1611
19890929,7.91,7.9,8.3863,8.2843,8.2628,8.2625,8.2656,8.2674,8.2667,8.2635,8.2583,8.2513,8.2431,8.234,8.2243,8.2143,8.2042
19891031,7.77,7.58,7.8536,7.7494,7.7562,7.7853,7.8168,7.8449,7.8682,7.8864,7.8998,7.9089,7.9143,7.9164,7.9157,7.9128,7.9079
19891130,7.59,7.39,7.6894,7.6211,7.6458,7.6893,7.7277,7.7558,7.7745,7.7862,7.7933,7.7975,7.8003,7.8026,7.8048,7.8075,7.8107
19891229,7.55,7.48,7.8239,7.7684,7.7751,7.8013,7.8299,7.855,7.8751,7.8906,7.9022,7.9107,7.9168,7.9211,7.924,7.9258,7.9268
19900131,7.74,7.71,8.0998,8.1567,8.2178,8.262,8.2924,8.3137,8.3292,8.3409,8.35,8.3573,8.3632,8.3682,8.3724,8.376,8.3791
19900228,7.77,7.72,8.0925,8.2517,8.3358,8.381,8.4082,8.4263,8.4392,8.4489,8.4564,8.4624,8.4673,8.4714,8.4748,8.4778,8.4804
19900330,7.8,7.81,8.3192,8.4778,8.542,8.5639,8.5698,8.5701,8.5687,8.567,8.5654,8.564,8.5628,8.5618,8.561,8.5602,8.5596
19900430,7.79,7.99,8.5684,8.7799,8.8629,8.8956,8.9093,8.9156,8.919,8.921,8.9225,8.9235,8.9244,8.9251,8.9257,8.9262,8.9267
19900531,7.75,7.7,8.1363,8.3009,8.4012,8.4568,8.4881,8.5058,8.5157,8.5208,8.5232,8.5239,8.5236,8.5229,8.5219,8.5207,8.5196
19900629,7.74,7.61,7.9659,8.0944,8.1815,8.2449,8.2917,8.3259,8.3504,8.3673,8.3785,8.3853,8.3886,8.3894,8.3882,8.3856,8.3819
19900731,7.49,7.33,7.6891,7.8023,7.9024,7.99,8.0672,8.1354,8.1954,8.2479,8.2934,8.3322,8.3649,8.3917,8.413,8.4292,8.4404
19900831,7.39,7.36,7.8078,8.0148,8.1896,8.3363,8.463,8.5734,8.6699,8.754,8.8266,8.8887,8.941,8.9842,9.019,9.0458,9.0653
19900928,7.14,7.17,7.7136,7.9191,8.1007,8.2608,8.4012,8.5238,8.6301,8.7215,8.7994,8.8648,8.9187,8.9622,8.9961,9.021,9.0378
19901031,7.11,7.09,7.4891,7.6884,7.8683,8.0299,8.1744,8.3029,8.4163,8.5157,8.6019,8.6758,8.7383,8.79,8.8317,8.864,8.8877
19901130,7.02,7.01,7.3225,7.4825,7.6276,7.7586,7.8762,7.9813,8.0746,8.1569,8.2287,8.2907,8.3435,8.3877,8.4237,8.4522,8.4735
19901231,6.44,6.43,6.9164,7.1467,7.3515,7.5328,7.6923,7.8318,7.9529,8.0569,8.1453,8.2193,8.28,8.3285,8.3659,8.393,8.4107
19910131,6.19,6.2,6.673,6.9873,7.2334,7.434,7.6021,7.7457,7.8692,7.9756,8.0665,8.1434,8.2073,8.2591,8.2998,8.33,8.3508
19910228,6.04,6.04,6.5403,6.9315,7.2247,7.4493,7.6257,7.7676,7.8843,7.9821,8.0649,8.1356,8.1959,8.2468,8.289,8.3231,8.3494
19910328,5.74,5.78,6.425,6.9488,7.3059,7.5541,7.7317,7.8634,7.9653,8.0475,8.1161,8.1748,8.2255,8.2695,8.3071,8.3387,8.3641
19910430,5.51,5.57,6.2454,6.7814,7.1516,7.4196,7.6224,7.7819,7.9106,8.0162,8.1031,8.1745,8.2323,8.278,8.3129,8.3379,8.354
19910531,5.53,5.68,6.2288,6.7587,7.1329,7.4155,7.6375,7.8156,7.9597,8.0762,8.1701,8.2448,8.3032,8.3479,8.3807,8.4033,8.4174
19910628,5.54,5.68,6.3303,6.9265,7.3366,7.6358,7.8631,8.0397,8.1786,8.288,8.3737,8.4401,8.4905,8.5275,8.5534,8.5699,8.5785
19910731,5.53,5.66,6.2077,6.7541,7.1694,7.4852,7.7257,7.909,8.0491,8.1562,8.2383,8.3012,8.3493,8.3859,8.4134,8.4338,8.4483
19910830,5.33,5.36,5.7976,6.2962,6.7071,7.0442,7.3192,7.542,7.7211,7.8636,7.9755,8.0619,8.127,8.1746,8.2076,8.2286,8.2397
19910930,5.11,5.12,5.5314,5.9952,6.3804,6.6993,6.9627,7.1793,7.3568,7.5014,7.6186,7.7129,7.788,7.8472,7.8932,7.9281,7.9539
19911031,4.82,4.83,5.2173,5.7006,6.12,6.4828,6.7951,7.0626,7.2903,7.4827,7.6439,7.7774,7.8864,7.9738,8.0422,8.0938,8.1307
19911129,4.35,4.4,4.8418,5.3943,5.8738,6.2881,6.6443,6.9487,7.2073,7.4254,7.6076,7.7583,7.8814,7.9803,8.0583,8.118,8.1622
19911231,3.88,3.86,4.2323,4.8144,5.3089,5.727,6.0788,6.3733,6.6186,6.8216,6.9886,7.1252,7.2362,7.326,7.3983,7.4565,7.5033
19920131,3.84,3.92,4.4268,5.1582,5.7552,6.24,6.6311,6.9445,7.1936,7.3898,7.5428,7.6606,7.7501,7.817,7.866,7.9011,7.9255
19920228,3.93,3.99,4.5073,5.2683,5.8719,6.3475,6.7196,7.0085,7.2309,7.4007,7.5291,7.6253,7.6969,7.75,7.7893,7.8189,7.8417
19920331,4.05,4.17,4.7632,5.6244,6.2605,6.7265,7.0651,7.309,7.4835,7.6077,7.6961,7.7596,7.8062,7.8418,7.8708,7.8961,7.9198
19920430,3.7,3.84,4.4876,5.3897,6.0771,6.5971,6.9874,7.278,7.4926,7.6499,7.7647,7.8484,7.9099,7.9559,7.9916,8.0208,8.0464
19920529,3.7,3.83,4.3456,5.1487,5.7815,6.2776,6.6647,6.9653,7.1977,7.3766,7.514,7.6194,7.7005,7.7634,7.8128,7.8526,7.8857
19920630,3.57,3.65,4.1684,4.8597,5.4456,5.9401,6.3553,6.7021,6.99,7.2273,7.4213,7.5786,7.7048,7.8047,7.8827,7.9425,7.9873
19920731,3.18,3.28,3.7418,4.4285,5.0116,5.5044,5.919,6.2659,6.5547,6.7935,6.9898,7.15,7.2798,7.3841,7.4674,7.5334,7.5854
19920831,3.16,3.24,3.5635,4.2091,4.7805,5.2843,5.7263,6.1122,6.4472,6.7358,6.9826,7.1916,7.3665,7.5108,7.6276,7.7199,7.7904
19920930,2.69,2.84,3.2185,3.8673,4.4476,4.965,5.4243,5.8303,6.1875,6.4997,6.7709,7.0045,7.2039,7.3721,7.5119,7.626,7.7168
19921030,2.96,3.19,3.7228,4.4577,5.0931,5.6186,6.0448,6.388,6.6647,6.889,7.0725,7.2241,7.3507,7.4575,7.5486,7.6271,7.6954
19921130,3.27,3.48,4.0138,4.8343,5.4837,5.982,6.3612,6.6514,6.8759,7.0523,7.1933,7.3078,7.4022,7.4814,7.5485,7.6061,7.656
19921230,3.12,3.29,3.7304,4.5052,5.1804,5.7107,6.1137,6.4189,6.6524,6.8342,6.9783,7.0947,7.1905,7.2705,7.3383,7.3964,7.4468
19930129,2.9,3.07,3.5368,4.1924,4.7725,5.2618,5.6649,5.994,6.2622,6.4816,6.6622,6.8122,6.938,7.0445,7.1355,7.214,7.2824
19930226,2.95,3.05,3.3811,3.9242,4.4457,4.9088,5.3046,5.6365,5.9128,6.1424,6.3338,6.4942,6.6296,6.7448,6.8437,6.9292,7.0037
19930331,2.89,3,3.4142,3.9615,4.4798,4.9391,5.3328,5.6645,5.942,6.1737,6.3678,6.531,6.6693,6.7872,6.8885,6.9764,7.053
19930429,2.9,2.98,3.3002,3.7927,4.3073,4.7812,5.1932,5.5416,5.8327,6.0749,6.2768,6.446,6.5887,6.71,6.814,6.9039,6.9822
19930528,3.06,3.22,3.6388,4.2039,4.6737,5.0673,5.3994,5.6817,5.923,6.1305,6.3098,6.4656,6.6017,6.721,6.8262,6.9194,7.0022
19930630,3.03,3.13,3.5494,4.0234,4.4287,4.777,5.0776,5.3382,5.5651,5.7634,5.9375,6.0909,6.2266,6.3471,6.4544,6.5504,6.6365
19930730,3.03,3.18,3.6006,4.1154,4.5364,4.8834,5.172,5.4139,5.6184,5.7926,5.9423,6.0717,6.1845,6.2834,6.3706,6.4481,6.5172
19930831,3.01,3.12,3.4463,3.8468,4.2063,4.524,4.802,5.0439,5.2538,5.4356,5.5932,5.7302,5.8494,5.9537,6.0452,6.1258,6.1971
19930930,2.92,3.04,3.4451,3.8874,4.2504,4.5536,4.8108,5.032,5.2247,5.3943,5.5447,5.6792,5.8,5.9091,6.0081,6.0981,6.1801
19931029,3.03,3.18,3.537,3.9641,4.3161,4.6115,4.863,5.0798,5.2682,5.4332,5.5786,5.7072,5.8215,5.9233,6.0144,6.096,6.1694
19931130,3.14,3.3,3.6706,4.1769,4.5825,4.9141,5.1894,5.421,5.6175,5.7857,5.9306,6.056,6.1653,6.2608,6.3448,6.4189,6.4846
19931231,3.01,3.2,3.6834,4.2071,4.6124,4.9385,5.2084,5.4362,5.6311,5.7994,5.9456,6.0732,6.185,6.2832,6.3699,6.4467,6.5148
19940131,2.96,3.14,3.5657,4.0662,4.4546,4.7665,5.0243,5.2422,5.4297,5.593,5.7365,5.8634,5.9761,6.0765,6.1664,6.247,6.3194
19940228,3.36,3.58,4.0995,4.6497,5.0455,5.356,5.6122,5.8285,6.0128,6.1705,6.3056,6.4215,6.5212,6.6074,6.6822,6.7473,6.8045
19940331,3.48,3.79,4.5522,5.2079,5.6556,5.9969,6.2655,6.4781,6.6469,6.7818,6.8907,6.9796,7.0532,7.1149,7.1673,7.2122,7.2512
19940429,3.87,4.29,5.0321,5.7234,6.1292,6.404,6.6093,6.772,6.9056,7.0175,7.1123,7.1931,7.2621,7.321,7.371,7.4134,7.449
19940531,4.16,4.66,5.3138,5.9619,6.3242,6.5534,6.7214,6.8607,6.9848,7.0987,7.2036,7.2994,7.3857,7.462,7.5284,7.5847,7.6314
19940630,4.15,4.65,5.4795,6.1078,6.4622,6.7155,6.9153,7.0798,7.2179,7.3346,7.4334,7.517,7.5874,7.6462,7.6949,7.7346,7.7663
19940729,4.27,4.68,5.3881,5.9389,6.257,6.4856,6.6669,6.8171,6.9442,7.0525,7.1452,7.2246,7.2922,7.3496,7.398,7.4383,7.4714
19940831,4.56,4.85,5.4956,6.0552,6.371,6.5849,6.7492,6.8843,6.9998,7.1005,7.1895,7.2685,7.3392,7.4024,7.4589,7.5096,7.5548
19940930,4.67,5.22,5.9109,6.5119,6.8535,7.0648,7.2124,7.3295,7.4318,7.5259,7.6139,7.6961,7.7719,7.8408,7.902,7.9553,8.0005
19941031,5.03,5.45,6.1229,6.7239,7.0476,7.2555,7.4065,7.5245,7.6211,7.7023,7.7717,7.8317,7.8837,7.9291,7.9686,8.003,8.0329
19941130,5.56,5.96,6.8063,7.3168,7.5118,7.6135,7.6791,7.7272,7.7654,7.7974,7.8252,7.8499,7.8725,7.8933,7.9128,7.9311,7.9486
19941230,5.53,6.22,7.2524,7.563,7.6626,7.7117,7.7418,7.7628,7.7788,7.7917,7.8024,7.8116,7.8196,7.8266,7.8329,7.8384,7.8434
19950131,5.83,6.13,6.7851,7.1627,7.3169,7.3936,7.4404,7.4745,7.5029,7.5281,7.5515,7.5736,7.5944,7.6141,7.6327,7.6502,7.6667
19950228,5.76,5.91,6.3772,6.6846,6.8329,6.9209,6.9888,7.0512,7.1117,7.1705,7.2266,7.279,7.3273,7.3712,7.4109,7.4466,7.4786
19950331,5.7,5.85,6.4083,6.6998,6.8403,6.9247,6.9906,7.0512,7.1099,7.1664,7.2198,7.2693,7.3146,7.3555,7.3923,7.4252,7.4546
19950428,5.69,5.81,6.2464,6.4975,6.6398,6.728,6.7925,6.8493,6.9059,6.9651,7.027,7.0906,7.1543,7.2164,7.2757,7.3307,7.3807
19950531,5.63,5.57,5.7715,5.8129,5.869,5.9358,6.0098,6.0882,6.1686,6.2492,6.3282,6.4044,6.477,6.545,6.6079,6.6653,6.717
19950630,5.44,5.35,5.6813,5.7601,5.8221,5.8807,5.9423,6.009,6.0805,6.1557,6.2326,6.3096,6.3849,6.457,6.5248,6.5874,6.6441
19950731,5.42,5.37,5.6747,5.8328,5.9579,6.0624,6.1544,6.2386,6.3179,6.3937,6.4668,6.5371,6.6045,6.6686,6.7291,6.7855,6.8375
19950831,5.29,5.29,5.6342,5.7742,5.8766,5.9592,6.0325,6.102,6.1705,6.239,6.3074,6.3752,6.4414,6.5053,6.566,6.6228,6.6751
19950929,5.24,5.33,5.6759,5.7927,5.8628,5.9137,5.96,6.0085,6.062,6.1205,6.183,6.2477,6.3132,6.3776,6.4398,6.4984,6.5527
19951031,5.32,5.31,5.5389,5.5916,5.649,5.7098,5.7728,5.8368,5.9009,5.9643,6.0262,6.0861,6.1433,6.1976,6.2485,6.2958,6.3394
19951130,5.32,5.23,5.3499,5.3296,5.3715,5.4367,5.5102,5.5853,5.6592,5.7306,5.7986,5.8631,5.9239,5.9809,6.0343,6.0842,6.1307
19951229,4.96,4.96,5.138,5.1473,5.2073,5.2789,5.3523,5.4243,5.4939,5.5603,5.6236,5.6835,5.7401,5.7935,5.8438,5.8911,5.9355
19960131,4.91,4.77,4.9203,4.9275,5.0229,5.1372,5.2515,5.3604,5.4622,5.5566,5.6437,5.7237,5.7971,5.864,5.925,5.9804,6.0305
19960229,4.89,4.86,5.1805,5.3576,5.5034,5.6308,5.7471,5.8558,5.9587,6.0563,6.1486,6.2352,6.3158,6.3901,6.4579,6.5189,6.5731
19960329,5,5,5.4597,5.7343,5.8893,5.9931,6.0785,6.1596,6.2413,6.3243,6.4072,6.4884,6.5661,6.6389,6.7057,6.7659,6.8191
19960430,5.01,5.09,5.6234,5.9734,6.1613,6.2775,6.3654,6.4444,6.5215,6.5985,6.6747,6.7486,6.8187,6.8838,6.9429,6.9954,7.0411
19960531,5.04,5.15,5.7319,6.1585,6.3771,6.4996,6.5812,6.6478,6.7103,6.7722,6.8339,6.8942,6.9519,7.0057,7.0547,7.0981,7.1357
19960628,5.04,5.16,5.7395,6.0765,6.2427,6.3401,6.4135,6.4809,6.5481,6.6157,6.6826,6.7471,6.8079,6.8639,6.9143,6.9588,6.9973
19960731,5.18,5.25,5.8419,6.152,6.3198,6.4226,6.4978,6.5625,6.6237,6.6836,6.7421,6.7985,6.852,6.9016,6.9469,6.9875,7.023
19960830,5.15,5.27,5.8386,6.2712,6.4666,6.5748,6.6542,6.7255,6.7944,6.8618,6.9265,6.9876,7.044,7.0953,7.1412,7.1816,7.2166
19960930,4.91,5.05,5.7204,6.0392,6.208,6.327,6.4228,6.5047,6.5771,6.642,6.7008,6.7543,6.8033,6.8482,6.8893,6.927,6.9615
19961031,5.03,5.09,5.4878,5.6963,5.8472,5.9625,6.0565,6.1377,6.2115,6.2806,6.3463,6.4092,6.4693,6.5263,6.5797,6.6292,6.6744
19961129,5,5.05,5.3831,5.5348,5.6359,5.712,5.7776,5.8403,5.9034,5.968,6.0337,6.0996,6.1647,6.2276,6.2875,6.3434,6.3947
19961231,5.07,5.12,5.5792,5.8259,5.981,6.0843,6.1599,6.2217,6.2776,6.3313,6.3844,6.4372,6.4891,6.5396,6.5876,6.6326,6.6738
19970131,5.02,5.08,5.592,5.8552,6.0217,6.1339,6.2173,6.2864,6.3494,6.4103,6.4705,6.5303,6.5893,6.6465,6.7013,6.7526,6.8
19970228,5.09,5.18,5.7046,5.9967,6.1639,6.2646,6.3327,6.3868,6.4369,6.4873,6.5395,6.5932,6.6475,6.7013,6.7532,6.8022,6.8475
19970331,5.21,5.33,6.0216,6.3624,6.5405,6.6405,6.7061,6.7588,6.8081,6.8576,6.9076,6.9575,7.006,7.052,7.0944,7.1326,7.166
19970430,5.14,5.31,5.8948,6.1951,6.3526,6.4428,6.5045,6.5565,6.6071,6.6587,6.7115,6.7644,6.8162,6.8655,6.9113,6.9529,6.9895
19970530,4.82,5.24,5.8018,6.1302,6.2893,6.3759,6.4357,6.4884,6.5414,6.5964,6.6524,6.7081,6.762,6.8127,6.8592,6.901,6.9377
19970630,5.06,5.08,5.7408,6.0239,6.1769,6.2651,6.3243,6.3733,6.4207,6.4697,6.5209,6.5733,6.6257,6.6765,6.7244,6.7684,6.8077
19970731,5.11,5.12,5.5432,5.6547,5.7304,5.7879,5.8374,5.8844,5.9314,5.9794,6.0282,6.0772,6.1254,6.1721,6.2162,6.2572,6.2944
19970829,5.1,5.18,5.7054,5.916,6.0322,6.1061,6.1634,6.2159,6.2683,6.3214,6.3747,6.427,6.4771,6.5239,6.5666,6.6046,6.6377
19970930,4.93,5.08,5.615,5.7499,5.8364,5.908,5.9714,6.0288,6.0815,6.13,6.1749,6.2164,6.2547,6.2902,6.323,6.3533,6.3812
19971031,5.07,5.11,5.5052,5.597,5.65,5.6877,5.7221,5.7587,5.7992,5.8434,5.8902,5.9383,5.9862,6.0326,6.0764,6.1168,6.1533
19971128,5.08,5.22,5.6515,5.734,5.7651,5.7753,5.7809,5.7898,5.8051,5.8271,5.8549,5.8869,5.9213,5.9566,5.9914,6.0244,6.0547
19971231,5.22,5.23,5.5654,5.6158,5.6393,5.6521,5.6634,5.6776,5.6966,5.7205,5.7486,5.7797,5.8127,5.8463,5.8793,5.9109,5.9402
19980130,5.06,5.04,5.3261,5.3021,5.3049,5.3271,5.3631,5.4083,5.4592,5.513,5.5675,5.621,5.6723,5.7203,5.7646,5.8045,5.8398
19980227,5.18,5.12,5.4788,5.5037,5.5201,5.5364,5.5567,5.5825,5.6136,5.6493,5.6882,5.7291,5.7705,5.8113,5.8505,5.8871,5.9206
19980331,5.02,5.07,5.4952,5.5578,5.586,5.6013,5.6155,5.6338,5.658,5.688,5.7227,5.7604,5.7997,5.839,5.8769,5.9126,5.945
19980430,4.87,5.04,5.4668,5.5519,5.5708,5.5841,5.6071,5.6402,5.6802,5.7233,5.7671,5.8094,5.8492,5.8856,5.9183,5.9472,5.9722
19980529,4.89,5.12,5.4841,5.504,5.5039,5.5187,5.543,5.5716,5.6016,5.6316,5.6609,5.6889,5.7156,5.7407,5.7643,5.7863,5.8067
19980630,4.97,5.04,5.4245,5.4734,5.4652,5.4534,5.4514,5.4596,5.4753,5.4955,5.5181,5.5413,5.5641,5.5859,5.6061,5.6246,5.6412
19980731,4.97,5.01,5.3941,5.4636,5.4798,5.4794,5.4794,5.4864,5.5019,5.5248,5.5532,5.585,5.6183,5.6514,5.6832,5.7127,5.7393
19980831,4.77,4.8,5.0553,4.99,4.9587,4.9537,4.9683,4.9972,5.0359,5.0809,5.1294,5.1789,5.2279,5.2749,5.3189,5.3591,5.3951
19980930,4.26,4.33,4.5112,4.3723,4.3033,4.2868,4.3092,4.3595,4.429,4.5108,4.5995,4.691,4.7821,4.8703,4.9539,5.0317,5.1027
19981030,4.23,4.21,4.3968,4.3038,4.2806,4.3088,4.3734,4.4627,4.5673,4.6801,4.7955,4.9091,5.0178,5.1194,5.2122,5.2953,5.3679
19981130,4.42,4.46,4.6239,4.5877,4.5813,4.5982,4.6328,4.6806,4.7377,4.8008,4.8674,4.9351,5.0023,5.0675,5.1295,5.1876,5.241
19981231,4.37,4.39,4.6041,4.5829,4.59,4.619,4.6643,4.7215,4.7867,4.8567,4.929,5.0014,5.0723,5.1402,5.2041,5.2633,5.317
19990129,4.37,4.31,4.6315,4.6061,4.577,4.5738,4.6013,4.6546,4.726,4.8082,4.895,4.9817,5.0649,5.1423,5.2123,5.2741,5.3273
19990226,4.55,4.53,4.9889,5.1211,5.1808,5.2203,5.2616,5.3119,5.3712,5.4368,5.5053,5.5735,5.6387,5.6989,5.7527,5.7991,5.8378
19990331,4.37,4.36,4.842,4.9903,5.0726,5.137,5.203,5.2765,5.3569,5.4414,5.5266,5.6093,5.6872,5.7583,5.8216,5.8761,5.9217
19990430,4.43,4.48,4.8948,5.0584,5.135,5.1885,5.2444,5.3102,5.3855,5.4668,5.55,5.6317,5.709,5.7799,5.8428,5.8971,5.9423
19990527,4.52,4.64,5.1204,5.3946,5.5286,5.6024,5.6551,5.7043,5.7559,5.8108,5.8676,5.9241,5.9781,6.0278,6.0718,6.1092,6.1395
19990630,4.65,4.84,5.2409,5.4798,5.5796,5.646,5.7133,5.7882,5.8683,5.9489,6.0259,6.0964,6.1583,6.2108,6.2533,6.286,6.3093
19990730,4.62,4.66,5.3071,5.5817,5.7232,5.8115,5.8824,5.9496,6.0171,6.0842,6.1491,6.2097,6.2641,6.3113,6.3503,6.3808,6.4028
19990831,4.84,5,5.4874,5.7037,5.7992,5.871,5.9455,6.0253,6.1064,6.1845,6.2563,6.3196,6.3734,6.4173,6.4515,6.4764,6.4926
19990930,4.74,4.79,5.3833,5.5911,5.687,5.7613,5.8407,5.9283,6.0199,6.1103,6.1952,6.2716,6.3379,6.3932,6.4373,6.4705,6.4932
19991029,4.97,5.06,5.5557,5.762,5.8396,5.8949,5.9579,6.0318,6.1115,6.1915,6.2672,6.3354,6.3945,6.4435,6.4823,6.511,6.5302
19991130,5.15,5.33,5.7817,5.9437,5.9925,6.0285,6.0796,6.147,6.2245,6.3049,6.3824,6.453,6.5143,6.5649,6.6043,6.6327,6.6503
19991231,5.17,5.49,6.0173,6.1832,6.2263,6.2803,6.3535,6.4346,6.5141,6.5865,6.6491,6.7009,6.7419,6.7727,6.794,6.8067,6.8117
20000131,5.53,5.66,6.2935,6.5458,6.6041,6.6172,6.6264,6.6391,6.6539,6.6681,6.6793,6.6866,6.6892,6.6872,6.6808,6.6703,6.6561
20000229,5.62,5.77,6.2781,6.4544,6.5063,6.5328,6.5507,6.5611,6.5635,6.5582,6.5459,6.528,6.5056,6.4798,6.4516,6.4218,6.3911
20000331,5.72,5.89,6.343,6.4095,6.3517,6.2842,6.235,6.205,6.1885,6.18,6.175,6.1707,6.1655,6.1584,6.1488,6.1368,6.1222
20000428,5.66,5.86,6.4864,6.5841,6.5383,6.481,6.4363,6.4033,6.3775,6.3553,6.3347,6.3144,6.2939,6.2731,6.2519,6.2305,6.209
20000531,5.48,6.07,6.675,6.6502,6.5505,6.4958,6.4675,6.4498,6.4356,6.4216,6.4067,6.3907,6.3736,6.3557,6.3371,6.3181,6.2991
20000630,5.71,5.96,6.4065,6.343,6.2356,6.175,6.1511,6.147,6.1519,6.1598,6.1676,6.1737,6.1774,6.1784,6.1767,6.1725,6.166
20000731,6.03,6.09,6.3775,6.2787,6.1882,6.1372,6.113,6.1028,6.0986,6.0961,6.0932,6.089,6.0829,6.075,6.0654,6.0543,6.0419
20000831,6.13,6.1,6.273,6.114,5.9971,5.9322,5.9017,5.8902,5.8881,5.89,5.8927,5.8947,5.8953,5.894,5.8908,5.8857,5.8788
20000929,6.05,6.01,6.1877,5.941,5.8134,5.7768,5.7895,5.825,5.8687,5.913,5.9541,5.99,6.0202,6.0443,6.0626,6.0754,6.083
20001031,6.19,6.08,6.2142,5.9078,5.7752,5.7396,5.7465,5.7707,5.8007,5.8312,5.8596,5.8846,5.9059,5.9232,5.9367,5.9466,5.9531
20001130,6.03,5.91,5.9433,5.6234,5.4705,5.4121,5.4064,5.4293,5.4662,5.509,5.5525,5.5939,5.6316,5.6648,5.693,5.7162,5.7345
20001229,5.73,5.47,5.4462,5.1458,5.0326,5.0145,5.0442,5.0966,5.1585,5.2225,5.2846,5.3428,5.3957,5.443,5.4845,5.5203,5.5506
20010131,4.86,4.65,4.7343,4.6696,4.73,4.8278,4.9338,5.0375,5.1348,5.224,5.3046,5.3767,5.4407,5.497,5.546,5.5884,5.6245
20010228,4.73,4.53,4.5423,4.4646,4.5256,4.6278,4.7398,4.8499,4.9537,5.0494,5.1364,5.2147,5.2846,5.3466,5.4011,5.4485,5.4895
20010330,4.2,3.96,4.1704,4.2154,4.3534,4.5104,4.665,4.81,4.9431,5.0639,5.1724,5.2693,5.3553,5.431,5.4973,5.5548,5.6043
20010430,3.86,3.84,4.0686,4.3358,4.5805,4.7926,4.9783,5.1417,5.2856,5.412,5.5227,5.6192,5.703,5.7752,5.8369,5.8892,5.9328
20010531,3.55,3.48,3.8272,4.2676,4.5827,4.8287,5.033,5.2067,5.3559,5.4842,5.5946,5.6892,5.7699,5.8381,5.8952,5.9425,5.9809
20010629,3.57,3.52,3.8849,4.295,4.601,4.8446,5.0478,5.2202,5.3675,5.4932,5.6003,5.691,5.7672,5.8306,5.8827,5.9246,5.9576
20010731,3.46,3.36,3.4896,3.8251,4.1442,4.4044,4.621,4.8054,4.9642,5.1014,5.2202,5.3227,5.4109,5.4863,5.5503,5.6041,5.6487
20010831,3.3,3.21,3.3227,3.6758,3.9989,4.2599,4.4777,4.6636,4.824,4.9629,5.0832,5.1872,5.2767,5.3532,5.4182,5.4728,5.5181
20010928,2.35,2.3,2.4861,2.9036,3.3337,3.7026,4.0155,4.2839,4.5161,4.7179,4.8933,5.0456,5.1775,5.2911,5.3883,5.4708,5.5401
20011031,2.01,1.9,2.0202,2.4903,2.9663,3.3589,3.6829,3.9554,4.1874,4.3861,4.5566,4.7026,4.8272,4.9329,5.0218,5.0958,5.1565
20011130,1.75,1.75,2.079,2.8536,3.4417,3.8789,4.2231,4.5048,4.74,4.9382,5.1057,5.2472,5.3661,5.4654,5.5475,5.6145,5.6681
20011231,1.71,1.79,2.0841,3.0627,3.7433,4.2103,4.5575,4.8304,5.0517,5.2339,5.385,5.5106,5.6147,5.7004,5.7703,5.8266,5.871
20020131,1.73,1.85,2.2689,3.1381,3.7572,4.1942,4.5244,4.7862,4.9995,5.1755,5.3217,5.4431,5.5436,5.6261,5.6931,5.7467,5.7885
20020228,1.76,1.83,2.19,3.0313,3.6158,4.0377,4.3668,4.6349,4.858,5.0456,5.2038,5.3371,5.4488,5.5419,5.6186,5.681,5.7307
20020328,1.76,2.06,2.7535,3.69,4.2862,4.6948,4.9986,5.2368,5.4291,5.5869,5.7171,5.8248,5.9135,5.986,6.0447,6.0914,6.1278
20020430,1.74,1.87,2.298,3.234,3.8567,4.2803,4.5956,4.8445,5.0475,5.2159,5.3568,5.475,5.574,5.6567,5.7253,5.7815,5.827
20020531,1.71,1.86,2.3312,3.1684,3.7146,4.1143,4.4334,4.6988,4.9238,5.1161,5.2809,5.4222,5.5428,5.6452,5.7315,5.8035,5.8628
20020628,1.67,1.71,2.058,2.8456,3.4232,3.8502,4.1888,4.4694,4.7076,4.9123,5.0892,5.2423,5.3747,5.4889,5.587,5.6706,5.7414
20020731,1.68,1.66,1.7066,2.2241,2.7731,3.2384,3.63,3.9645,4.2534,4.5044,4.7229,4.9128,5.0776,5.2198,5.3419,5.4459,5.5336
20020830,1.66,1.63,1.7241,2.1109,2.5421,2.9406,3.2983,3.6169,3.8994,4.1486,4.3675,4.5588,4.725,4.8683,4.9909,5.0947,5.1814
20020930,1.54,1.48,1.4887,1.7048,2.0457,2.4089,2.7597,3.0861,3.3843,3.6537,3.8951,4.1101,4.3002,4.4672,4.6129,4.739,4.8471
20021031,1.42,1.4,1.3795,1.6908,2.1106,2.5311,2.9252,3.2857,3.6116,3.9038,4.1642,4.395,4.5982,4.776,4.9305,5.0637,5.1774
20021129,1.2,1.27,1.53,2.0892,2.5797,3.0049,3.3777,3.7061,3.9955,4.2502,4.4735,4.6685,4.838,4.9843,5.1096,5.216,5.3052
20021231,1.2,1.21,1.2389,1.5945,2.035,2.4584,2.8458,3.195,3.5075,3.7855,4.0317,4.2487,4.4388,4.6043,4.7475,4.8701,4.9742
20030131,1.16,1.17,1.2788,1.7249,2.224,2.6716,3.0605,3.3988,3.6944,3.9531,4.1798,4.3781,4.551,4.7011,4.8307,4.9418,5.0361
20030228,1.18,1.17,1.2199,1.5273,1.9454,2.3573,2.7337,3.0705,3.3699,3.6355,3.8707,4.0785,4.2616,4.4222,4.5624,4.6841,4.7888
20030331,1.12,1.11,1.1654,1.5392,2.0058,2.446,2.8389,3.1862,3.4929,3.7642,4.004,4.2158,4.4023,4.566,4.709,4.8332,4.9403
20030430,1.11,1.12,1.1634,1.5326,2.0186,2.4799,2.8853,3.2352,3.5369,3.7982,4.0253,4.2231,4.3955,4.5457,4.6761,4.7889,4.886
20030530,1.09,1.07,1.1338,1.3252,1.6363,1.9831,2.3267,2.6502,2.9469,3.2153,3.4559,3.6702,3.8602,4.0277,4.1746,4.3026,4.4134
20030630,0.89,0.96,1.0331,1.3274,1.7167,2.1134,2.4851,2.8219,3.1229,3.3906,3.628,3.8383,4.0243,4.1886,4.3332,4.4601,4.571
20030731,0.94,1,1.2617,1.8192,2.3984,2.9184,3.3703,3.7612,4.0998,4.3935,4.6482,4.8687,5.059,5.2223,5.3615,5.4791,5.5774
20030829,0.96,1.03,1.3016,1.9445,2.5518,3.0585,3.479,3.8329,4.1345,4.3937,4.6171,4.8099,4.976,5.1185,5.2401,5.343,5.4293
20030930,0.93,0.99,1.08,1.4792,1.9762,2.4441,2.859,3.2225,3.5408,3.82,4.065,4.2798,4.4678,4.6316,4.7738,4.8965,5.0014
20031031,0.94,1.02,1.275,1.8494,2.4032,2.879,3.2854,3.6356,3.9397,4.205,4.4366,4.6386,4.8142,4.9663,5.0973,5.2091,5.3039
20031128,0.91,1.02,1.4354,2.0537,2.5786,3.0151,3.3866,3.7084,3.9898,4.2368,4.4538,4.6442,4.8108,4.956,5.0818,5.1902,5.2827
20031231,0.93,1,1.2427,1.825,2.3796,2.8496,3.2465,3.5862,3.88,4.1359,4.3593,4.5544,4.7245,4.8724,5.0002,5.1101,5.2038
20040130,0.9,0.99,1.2652,1.8317,2.361,2.8078,3.186,3.5109,3.7929,4.0394,4.2553,4.4445,4.61,4.7542,4.8794,4.9875,5.08
20040227,0.94,0.99,1.1586,1.6451,2.1693,2.6262,3.0125,3.3413,3.6245,3.8707,4.0859,4.2745,4.4399,4.5849,4.7115,4.8217,4.9171
20040331,0.93,0.99,1.161,1.576,2.0283,2.4448,2.8163,3.1463,3.4394,3.6997,3.9306,4.135,4.3153,4.4738,4.6124,4.7329,4.8369
20040430,0.96,1.14,1.6193,2.3449,2.8898,3.315,3.6658,3.9649,4.2239,4.4499,4.6477,4.8209,4.9722,5.1039,5.2182,5.3166,5.4008
20040528,1.06,1.36,1.8555,2.5613,3.0873,3.5014,3.8433,4.1334,4.3833,4.5999,4.7882,4.9517,5.0935,5.2158,5.3208,5.4102,5.4856
20040630,1.31,1.64,2.0742,2.7075,3.1654,3.5307,3.8393,4.1064,4.3401,4.5452,4.7254,4.8834,5.0217,5.1421,5.2465,5.3362,5.4128
20040730,1.42,1.72,2.0969,2.6838,3.1074,3.4496,3.7418,3.9971,4.2223,4.4217,4.5982,4.7544,4.8922,5.0134,5.1195,5.2119,5.2918
20040831,1.57,1.75,1.9759,2.3932,2.7498,3.0635,3.3444,3.5983,3.8287,4.0377,4.2267,4.3968,4.549,4.6842,4.8034,4.9074,4.9973
20040930,1.68,1.95,2.2276,2.6039,2.903,3.164,3.4031,3.6262,3.8346,4.0279,4.2058,4.3677,4.5138,4.644,4.759,4.8594,4.9459
20041029,1.87,2.08,2.2518,2.5453,2.8177,3.0735,3.3138,3.5386,3.7475,3.94,4.1161,4.2757,4.4191,4.5468,4.6595,4.7579,4.8427
20041130,2.2,2.38,2.6631,3.0298,3.2907,3.5099,3.7119,3.9041,4.0873,4.2599,4.4204,4.5674,4.7001,4.8183,4.9221,5.012,5.0884
20041231,2.18,2.52,2.7691,3.0653,3.2722,3.4518,3.6247,3.795,3.9611,4.1202,4.2694,4.407,4.5318,4.6432,4.7412,4.8261,4.8984
20050131,2.48,2.72,2.9727,3.2573,3.4251,3.5557,3.6788,3.8022,3.9259,4.0473,4.1633,4.2716,4.3706,4.4594,4.5375,4.6049,4.6617
20050228,2.72,2.93,3.254,3.5845,3.7567,3.8734,3.9757,4.077,4.1797,4.2817,4.3804,4.4732,4.5583,4.6343,4.7007,4.7573,4.804
20050331,2.73,3.04,3.4287,3.7855,3.9514,4.0541,4.1429,4.2334,4.3275,4.4227,4.5156,4.6031,4.683,4.7541,4.8154,4.8669,4.9084
20050429,2.84,3.08,3.3855,3.6232,3.725,3.7923,3.8608,3.9392,4.026,4.1169,4.2076,4.2946,4.3755,4.4487,4.5132,4.5687,4.6152
20050531,2.93,3.09,3.3845,3.5692,3.6303,3.6672,3.7129,3.7738,3.8468,3.9268,4.0087,4.0887,4.1639,4.2327,4.2939,4.347,4.3919
20050630,3.06,3.24,3.5033,3.6194,3.6445,3.6589,3.6879,3.7349,3.7957,3.8645,3.9363,4.0069,4.0737,4.1347,4.1888,4.2355,4.2745
20050729,3.34,3.57,3.8567,4.0108,4.0508,4.0645,4.0842,4.1179,4.1644,4.2192,4.2777,4.3361,4.3916,4.4422,4.4865,4.5239,4.554
20050831,3.44,3.62,3.7522,3.8071,3.8086,3.8094,3.8261,3.8605,3.9083,3.9646,4.0246,4.0844,4.1413,4.1935,4.2397,4.2793,4.3119
20050930,3.47,3.8,4.1353,4.1302,4.1174,4.1411,4.1823,4.2299,4.2788,4.3266,4.3721,4.4146,4.454,4.4901,4.523,4.5527,4.5795
20051031,3.89,4.12,4.3269,4.4013,4.4003,4.3957,4.4083,4.4397,4.4846,4.5373,4.5925,4.6465,4.6967,4.7414,4.7796,4.8109,4.8352
20051130,3.86,4.16,4.3798,4.3993,4.3699,4.3517,4.359,4.3896,4.4363,4.492,4.5507,4.6083,4.6619,4.7096,4.7503,4.7837,4.8096
20051230,3.99,4.22,4.4007,4.3815,4.3389,4.3066,4.2946,4.3026,4.3262,4.3604,4.4004,4.4422,4.483,4.5206,4.5537,4.5813,4.603
20060131,4.37,4.43,4.5557,4.4998,4.4596,4.4391,4.4372,4.4505,4.4751,4.507,4.543,4.5803,4.6167,4.6506,4.6807,4.7063,4.727
20060228,4.51,4.57,4.69,4.6588,4.6165,4.5807,4.5577,4.5484,4.5508,4.562,4.5791,4.5994,4.6206,4.6409,4.659,4.6738,4.6849
20060331,4.52,4.64,4.8263,4.8103,4.7813,4.7624,4.7603,4.7745,4.8014,4.8368,4.8765,4.9172,4.9562,4.9917,5.0222,5.047,5.0656
20060428,4.65,4.73,4.8822,4.8381,4.8209,4.8283,4.8554,4.8968,4.9474,5.0027,5.0591,5.1138,5.1648,5.2105,5.25,5.2827,5.3084
20060531,4.74,4.89,5.0399,5.0028,4.9668,4.9502,4.9563,4.9818,5.0213,5.0692,5.1206,5.1718,5.22,5.2631,5.2999,5.3295,5.3517
20060630,4.87,5.04,5.2101,5.1304,5.0576,5.0167,5.0076,5.0223,5.0523,5.0903,5.131,5.1707,5.207,5.2384,5.2643,5.2841,5.298
20060731,4.97,4.98,5.0645,4.9342,4.8593,4.827,4.8258,4.8462,4.8803,4.9221,4.9671,5.0117,5.0536,5.091,5.1229,5.1485,5.1675
20060831,4.92,4.92,4.9509,4.7425,4.6434,4.6089,4.6118,4.6355,4.6697,4.7084,4.7477,4.7853,4.8199,4.8507,4.8774,4.9,4.9184
20060929,4.77,4.83,4.8775,4.6603,4.552,4.5101,4.5077,4.5282,4.5609,4.5991,4.6385,4.6766,4.7119,4.7433,4.7705,4.7933,4.8117
20061031,4.95,4.93,4.8797,4.6572,4.5426,4.4947,4.4872,4.5034,4.5327,4.5683,4.6057,4.6423,4.6765,4.7071,4.7338,4.7563,4.7745
20061130,4.9,4.91,4.8173,4.5687,4.4336,4.3708,4.3532,4.363,4.3887,4.4226,4.4596,4.4965,4.5314,4.5629,4.5904,4.6135,4.6321
20061229,4.89,4.9,4.953,4.7738,4.6687,4.6164,4.6006,4.6094,4.634,4.6676,4.7056,4.7444,4.7816,4.8155,4.8448,4.869,4.8876
20070131,4.99,4.96,5.0035,4.8697,4.7881,4.7453,4.7307,4.736,4.7547,4.782,4.8139,4.8476,4.881,4.9124,4.9407,4.9651,4.9851
20070228,5.01,4.91,4.8384,4.6016,4.4811,4.4327,4.4281,4.4491,4.484,4.5253,4.5682,4.6097,4.6481,4.6822,4.7115,4.7358,4.755
20070330,4.9,4.86,4.8309,4.5896,4.4797,4.4481,4.4619,4.5009,4.5524,4.6086,4.6648,4.718,4.7667,4.8098,4.8471,4.8783,4.9037
20070430,4.79,4.83,4.8408,4.575,4.4561,4.4212,4.4333,4.4707,4.5204,4.5744,4.6283,4.6793,4.7258,4.7671,4.8029,4.8331,4.8578
20070531,4.6,4.76,4.9679,4.8813,4.8154,4.7781,4.768,4.7797,4.807,4.8441,4.8861,4.9292,4.9705,5.0081,5.0405,5.067,5.087
20070629,4.68,4.74,4.9173,4.8475,4.8202,4.8233,4.8474,4.8848,4.9296,4.9775,5.0251,5.0699,5.1103,5.1451,5.1736,5.1955,5.2105
20070731,4.82,4.79,4.7404,4.5331,4.4761,4.4933,4.5452,4.611,4.6795,4.745,4.8046,4.8569,4.9014,4.9382,4.9676,4.9901,5.0063
20070831,3.91,4.06,4.2885,4.151,4.1143,4.1426,4.2101,4.2986,4.3955,4.4922,4.5832,4.6652,4.7365,4.7964,4.8448,4.8822,4.9096
20070928,3.72,3.94,4.0275,3.9578,3.9834,4.065,4.1752,4.2961,4.416,4.5278,4.6274,4.713,4.7841,4.8413,4.8853,4.9177,4.9396
20071031,3.84,3.94,4.0285,3.9101,3.9112,3.9806,4.0846,4.2016,4.3181,4.4263,4.5223,4.6042,4.672,4.7264,4.7687,4.8003,4.8227
20071130,3.08,3.26,3.1942,3.0362,3.0841,3.2343,3.4252,3.6215,3.8045,3.9655,4.1016,4.2134,4.303,4.3733,4.4273,4.4679,4.4976
20071231,3.29,3.37,3.2102,3.0303,3.0733,3.2294,3.4322,3.6432,3.8412,4.0162,4.1644,4.2859,4.3827,4.4578,4.5143,4.5554,4.5838
20080131,1.92,2.02,2.1363,2.1475,2.3194,2.5666,2.8393,3.1092,3.3612,3.5881,3.7872,3.9585,4.1032,4.2234,4.3216,4.4,4.4609
20080229,1.81,1.78,1.6168,1.6214,1.8822,2.2242,2.5738,2.9017,3.1974,3.4588,3.6868,3.8837,4.0521,4.1948,4.3142,4.4127,4.4923
20080331,1.36,1.48,1.4636,1.6041,1.8392,2.1278,2.4402,2.7553,3.0588,3.3414,3.5974,3.8236,4.019,4.1839,4.3194,4.4274,4.51
20080430,1.41,1.6,1.9032,2.21,2.5067,2.7891,3.0541,3.2998,3.5249,3.7291,3.9121,4.0743,4.2164,4.3392,4.4436,4.5308,4.6017
20080530,1.85,1.96,2.2514,2.6018,2.9188,3.2045,3.461,3.6905,3.8949,4.0759,4.2352,4.3746,4.4955,4.5994,4.6876,4.7613,4.8219
20080630,1.87,2.12,2.2955,2.597,2.8781,3.138,3.3763,3.5931,3.7888,3.9638,4.119,4.2552,4.3734,4.4746,4.5599,4.6302,4.6868
20080731,1.65,1.84,2.1903,2.4724,2.7498,3.0168,3.2694,3.505,3.7215,3.9181,4.0943,4.2501,4.386,4.5027,4.601,4.682,4.7467
20080829,1.69,1.92,2.1327,2.3386,2.5768,2.8286,3.0806,3.3233,3.5504,3.7579,3.9437,4.1067,4.247,4.3653,4.4627,4.5406,4.6007
20080930,0.9,1.57,1.7961,1.988,2.2865,2.629,2.9759,3.303,3.5969,3.8515,4.0652,4.2394,4.3768,4.4815,4.5574,4.6088,4.6395
20081031,0.44,0.92,1.3325,1.4104,1.7918,2.3117,2.8675,3.398,3.8702,4.2686,4.5895,4.8355,5.0132,5.1309,5.1974,5.2213,5.2106
20081128,0.01,0.43,0.7711,0.778,1.0588,1.472,1.9281,2.373,2.7763,3.1234,3.4093,3.6351,3.8053,3.9261,4.0044,4.0469,4.0601
20081231,0.11,0.27,0.385,0.5713,0.8642,1.2057,1.5568,1.8928,2.1988,2.4668,2.6936,2.8791,3.0252,3.1351,3.2125,3.2614,3.2857
20090130,0.24,0.35,0.5447,0.8164,1.1806,1.5855,1.9961,2.3891,2.7499,3.0704,3.3469,3.5787,3.7672,3.9152,4.0261,4.1038,4.1521
20090227,0.26,0.44,0.7238,0.9618,1.3135,1.7159,2.1273,2.5209,2.8806,3.198,3.4695,3.6952,3.8771,4.0187,4.124,4.1974,4.2432
20090331,0.21,0.42,0.5716,0.7751,1.0661,1.3998,1.7454,2.0824,2.3977,2.6836,2.9364,3.1547,3.3393,3.4919,3.615,3.7113,3.7838
20090430,0.14,0.28,0.5169,0.9121,1.3237,1.7324,2.1247,2.4916,2.8274,3.129,3.3954,3.6265,3.8236,3.9885,4.1234,4.2307,4.3129
20090529,0.14,0.29,0.4912,0.9107,1.3924,1.8842,2.3541,2.7837,3.1639,3.4918,3.7683,3.9965,4.1809,4.3265,4.4385,4.5218,4.5808
20090630,0.19,0.35,0.5577,1.0906,1.624,2.1257,2.5784,2.9746,3.3132,3.5968,3.83,4.0184,4.168,4.2843,4.3727,4.4379,4.4841
20090731,0.18,0.25,0.5462,1.1102,1.6408,2.1253,2.5577,2.9363,3.2624,3.5392,3.7706,3.9615,4.1164,4.2399,4.3364,4.4098,4.4638
20090831,0.15,0.24,0.4501,0.9684,1.4905,1.9836,2.43,2.8217,3.1574,3.4391,3.6713,3.8593,4.0088,4.1254,4.2142,4.28,4.3269
20090930,0.14,0.18,0.4204,0.9265,1.4327,1.9088,2.3387,2.7157,3.0385,3.3096,3.5334,3.715,3.8599,3.9736,4.0609,4.1263,4.1737
20091030,0.05,0.16,0.3891,0.9053,1.4207,1.9066,2.3477,2.7371,3.0735,3.3591,3.5979,3.7947,3.9547,4.083,4.1845,4.2634,4.3236
20091130,0.06,0.15,0.2747,0.6443,1.1007,1.5742,2.0255,2.4344,2.7927,3.0994,3.3572,3.5711,3.7466,3.8893,4.0046,4.0972,4.1712
20091231,0.06,0.2,0.5461,1.1416,1.7052,2.2213,2.6824,3.0863,3.4343,3.7299,3.9776,4.1824,4.3497,4.4843,4.5909,4.6738,4.7368
20100129,0.08,0.15,0.3272,0.82,1.3629,1.8948,2.3833,2.8141,3.1831,3.4927,3.7481,3.9561,4.1236,4.2571,4.3627,4.4455,4.5099
20100226,0.13,0.19,0.3479,0.8023,1.325,1.8493,2.3383,2.7745,3.1518,3.4708,3.7359,3.9532,4.1292,4.2704,4.3827,4.4712,4.5405
20100331,0.16,0.24,0.4409,0.9996,1.578,2.1203,2.6032,3.0203,3.3739,3.6699,3.9157,4.1186,4.2851,4.4211,4.5318,4.6213,4.6932
20100430,0.16,0.24,0.4595,0.9489,1.4901,2.0092,2.4749,2.8777,3.2186,3.5033,3.7391,3.9333,4.0926,4.2228,4.3289,4.415,4.4846
20100528,0.16,0.22,0.4127,0.7839,1.2604,1.7409,2.1819,2.5682,2.8984,3.1767,3.4094,3.6032,3.764,3.8971,4.0069,4.0972,4.1711
20100630,0.18,0.22,0.3474,0.6085,1.0034,1.4293,1.8368,2.205,2.5274,2.8048,3.0407,3.24,3.4075,3.5478,3.6647,3.7617,3.8417
20100730,0.15,0.2,0.318,0.5048,0.8423,1.2411,1.648,2.0332,2.3817,2.6877,2.9508,3.1736,3.3602,3.5151,3.643,3.7482,3.8344
20100831,0.14,0.19,0.2973,0.4487,0.7211,1.0444,1.3768,1.6943,1.9848,2.2431,2.4687,2.663,2.829,2.97,3.0893,3.1902,3.2756
20100930,0.16,0.19,0.278,0.3917,0.6503,0.9771,1.3243,1.6635,1.9793,2.264,2.5154,2.7339,2.9219,3.0825,3.2189,3.3344,3.4321
20101029,0.12,0.17,0.2423,0.2932,0.5304,0.864,1.236,1.6109,1.9678,2.2955,2.5894,2.8482,3.0736,3.2679,3.4345,3.5767,3.6978
20101130,0.17,0.21,0.2991,0.4523,0.7476,1.1077,1.4857,1.8542,2.1983,2.511,2.7899,3.0356,3.25,3.4359,3.5963,3.7343,3.8526
20101231,0.12,0.19,0.3033,0.5956,1.0605,1.5529,2.0129,2.4201,2.7719,3.0724,3.3279,3.5448,3.7289,3.8852,4.0179,4.1302,4.2252
20110131,0.15,0.17,0.2831,0.5544,0.9969,1.4862,1.9616,2.3962,2.7809,3.1154,3.4031,3.6494,3.8593,4.0381,4.1901,4.3193,4.4287
20110228,0.15,0.18,0.2846,0.6618,1.1721,1.6821,2.1436,2.5445,2.8872,3.1787,3.4268,3.6385,3.8198,3.9754,4.1092,4.2244,4.3235
20110331,0.09,0.17,0.332,0.7771,1.3029,1.8066,2.2544,2.6408,2.9707,3.252,3.4921,3.6977,3.8743,4.0264,4.1574,4.2702,4.3673
20110429,0.04,0.11,0.2402,0.5807,1.0406,1.5228,1.9799,2.3918,2.7524,3.063,3.3279,3.5526,3.7426,3.9032,4.0387,4.1532,4.2499
20110531,0.06,0.12,0.2054,0.4419,0.8166,1.2432,1.6716,2.0741,2.4375,2.7573,3.0338,3.27,3.4703,3.6393,3.7816,3.9013,4.0022
20110630,0.03,0.1,0.2215,0.481,0.8699,1.3096,1.7521,2.1704,2.5506,2.8872,3.1796,3.4302,3.6429,3.8222,3.9724,4.0979,4.2027
20110729,0.1,0.16,0.2606,0.3378,0.5963,0.9487,1.3384,1.7299,2.1021,2.4436,2.749,3.0174,3.25,3.4494,3.619,3.7622,3.8825
20110831,0.02,0.05,0.1314,0.1896,0.3866,0.6606,0.9702,1.2882,1.5976,1.8882,2.1548,2.3951,2.609,2.7975,2.9625,3.1061,3.2307
20110930,0.02,0.06,0.1739,0.2853,0.4734,0.7037,0.9519,1.2019,1.443,1.6685,1.875,2.0606,2.2253,2.3696,2.4947,2.6022,2.6937
20111031,0.01,0.06,0.1628,0.2454,0.4511,0.7216,1.0185,1.3168,1.6013,1.8634,2.0988,2.3063,2.4865,2.641,2.772,2.8822,2.974
20111130,0.01,0.06,0.1573,0.2476,0.447,0.7041,0.9846,1.2663,1.5354,1.784,2.008,2.2063,2.3791,2.528,2.6549,2.762,2.8518
20111230,0.02,0.06,0.1493,0.2425,0.4165,0.6365,0.8778,1.1237,1.363,1.5886,1.7963,1.9843,2.1518,2.2994,2.4279,2.5388,2.6337
20120131,0.06,0.08,0.1551,0.1883,0.3205,0.5145,0.7432,0.9872,1.2327,1.4706,1.6946,1.9013,2.0886,2.2561,2.4039,2.5327,2.6439
20120229,0.08,0.13,0.2128,0.2954,0.4576,0.6686,0.9056,1.1525,1.3977,1.6333,1.8544,2.0579,2.2424,2.4072,2.5529,2.6801,2.79
20120330,0.07,0.15,0.2351,0.353,0.5569,0.8098,1.0854,1.3655,1.6378,1.8947,2.1315,2.3459,2.537,2.7054,2.852,2.9783,3.086
20120430,0.1,0.15,0.21,0.2669,0.4153,0.6202,0.8562,1.1051,1.3539,1.5941,1.8202,2.0288,2.2181,2.3878,2.538,2.6697,2.784
20120531,0.07,0.14,0.2379,0.2797,0.3844,0.5308,0.7026,0.8878,1.0771,1.2642,1.4443,1.6145,1.7728,1.918,2.0498,2.1682,2.2734
20120629,0.09,0.16,0.259,0.3214,0.4387,0.593,0.7704,0.9602,1.154,1.3459,1.5314,1.7073,1.8715,2.0227,2.1603,2.2841,2.3941
20120731,0.11,0.14,0.1843,0.2125,0.3105,0.4547,0.6273,0.8146,1.007,1.1971,1.3799,1.5522,1.7117,1.8574,1.9887,2.1057,2.2089
20120831,0.09,0.14,0.1966,0.2111,0.3058,0.4535,0.6335,0.8307,1.0336,1.2345,1.4275,1.6092,1.7771,1.9302,2.0678,2.1903,2.298
20120928,0.1,0.14,0.2013,0.2207,0.318,0.4682,0.6522,0.8553,1.0663,1.2771,1.4818,1.676,1.8572,2.0236,2.1744,2.3092,2.4284
20121031,0.11,0.16,0.2217,0.281,0.4038,0.5687,0.7593,0.9631,1.1708,1.3756,1.5726,1.7585,1.931,2.0891,2.2321,2.3601,2.4733
20121130,0.08,0.13,0.218,0.2385,0.3342,0.4807,0.6592,0.8555,1.0591,1.2621,1.459,1.6459,1.8204,1.9809,2.1267,2.2578,2.3742
20121231,0.05,0.11,0.1943,0.2485,0.3756,0.5505,0.7539,0.9715,1.1928,1.4102,1.6183,1.8137,1.9941,2.1585,2.3063,2.4378,2.5536
20130131,0.07,0.12,0.1766,0.2619,0.4311,0.6507,0.8965,1.1513,1.4032,1.6442,1.8695,2.076,2.2626,2.4289,2.5756,2.7035,2.8141
20130228,0.11,0.13,0.1854,0.2325,0.3689,0.5622,0.7886,1.0305,1.2753,1.5141,1.741,1.9523,2.1457,2.3204,2.4761,2.6134,2.7332
20130328,0.07,0.11,0.177,0.2398,0.3785,0.5669,0.785,1.0179,1.2546,1.487,1.7097,1.919,2.1125,2.2889,2.448,2.5897,2.7147
20130430,0.05,0.09,0.1514,0.2005,0.3215,0.4902,0.688,0.901,1.1187,1.3337,1.5405,1.7356,1.9167,2.0825,2.2324,2.3664,2.4851
20130531,0.04,0.07,0.1652,0.3179,0.5347,0.7865,1.0529,1.3195,1.577,1.8192,2.0427,2.2458,2.4279,2.5896,2.7317,2.8557,2.963
20130628,0.04,0.1,0.1925,0.3866,0.7144,1.071,1.4126,1.7231,1.9989,2.2414,2.4536,2.639,2.8007,2.9416,3.0642,3.1706,3.2626
20130731,0.04,0.08,0.1372,0.3253,0.6514,1.0228,1.3913,1.7338,2.0409,2.3106,2.5445,2.7457,2.918,3.0652,3.1905,3.2971,3.3875
20130830,0.03,0.05,0.155,0.4277,0.8292,1.2502,1.6428,1.9898,2.2881,2.5411,2.7545,2.934,3.0851,3.2125,3.3203,3.4116,3.4892
20130930,0.02,0.04,0.1231,0.3385,0.6743,1.0492,1.4196,1.7636,2.0722,2.3432,2.5781,2.78,2.9528,3.1003,3.2262,3.3336,3.4255
20131031,0.04,0.08,0.1388,0.3178,0.6224,0.977,1.3373,1.6787,1.9889,2.2636,2.5023,2.7075,2.8825,3.031,3.1568,3.2633,3.3537
20131129,0.06,0.11,0.148,0.2899,0.6064,0.9963,1.3998,1.784,2.1323,2.4385,2.702,2.9255,3.113,3.2694,3.3992,3.5068,3.5959
20131231,0.07,0.1,0.1511,0.3953,0.8306,1.3095,1.7627,2.1628,2.5029,2.7859,3.0189,3.2097,3.3658,3.494,3.5996,3.6873,3.7606
20140131,0.02,0.06,0.1312,0.3475,0.7256,1.1386,1.5297,1.8773,2.1764,2.4299,2.6431,2.8219,2.9722,3.0986,3.2055,3.2961,3.3732
20140228,0.05,0.08,0.122,0.3393,0.7286,1.1484,1.5398,1.8826,2.1744,2.4197,2.625,2.797,2.9418,3.0643,3.1684,3.2576,3.3343
20140331,0.05,0.07,0.1215,0.4393,0.9157,1.3738,1.764,2.0826,2.3399,2.5483,2.7188,2.86,2.9785,3.079,3.1653,3.2401,3.3056
20140430,0.03,0.05,0.1019,0.4245,0.8904,1.3378,1.7197,2.0318,2.2836,2.4869,2.6525,2.789,2.9028,2.999,3.0811,3.152,3.2139
20140530,0.04,0.06,0.0994,0.3852,0.8072,1.2152,1.5659,1.8554,2.0922,2.2865,2.4477,2.583,2.6981,2.7971,2.8832,2.9587,3.0254
20140630,0.04,0.07,0.1279,0.4543,0.8938,1.3028,1.6474,1.929,2.1584,2.3467,2.5031,2.6346,2.7464,2.8426,2.9259,2.9987,3.0629
20140731,0.03,0.05,0.1253,0.5487,1.0534,1.4776,1.8078,2.0634,2.2649,2.4277,2.5623,2.6758,2.773,2.8574,2.9313,2.9965,3.0544
20140829,0.03,0.05,0.1197,0.5268,0.9926,1.3768,1.672,1.8986,2.0766,2.2208,2.3409,2.4433,2.5323,2.6106,2.6803,2.7428,2.7992
20140930,0.02,0.03,0.1482,0.617,1.1203,1.5246,1.8308,2.0638,2.2458,2.3922,2.5131,2.6152,2.7028,2.7791,2.846,2.9053,2.9582
20141031,0.01,0.05,0.1525,0.5385,0.9872,1.3707,1.6728,1.9069,2.0903,2.237,2.3573,2.4582,2.5446,2.6198,2.6861,2.7453,2.7985
20141128,0.02,0.07,0.1585,0.4952,0.911,1.2649,1.5416,1.7557,1.9245,2.0611,2.1748,2.2717,2.3559,2.4301,2.4963,2.5558,2.6097
20141231,0.04,0.12,0.294,0.7064,1.1185,1.4471,1.6912,1.8696,2.0014,2.1012,2.1795,2.2432,2.2971,2.3442,2.3867,2.4259,2.4627
20150130,0.02,0.07,0.2,0.4887,0.7884,1.0312,1.2219,1.3745,1.5,1.6057,1.6961,1.7743,1.8425,1.9023,1.955,2.0017,2.0432
20150227,0.02,0.07,0.2718,0.6618,1.0344,1.3261,1.5442,1.7086,1.8361,1.9385,2.0236,2.0964,2.1601,2.2169,2.2682,2.3148,2.3577
20150331,0.03,0.14,0.293,0.5825,0.906,1.1869,1.4128,1.5909,1.7322,1.8462,1.9404,2.02,2.0888,2.1493,2.2034,2.2523,2.2969
20150430,0.01,0.06,0.2751,0.6061,0.9406,1.2309,1.4692,1.6614,1.8169,1.9444,2.0507,2.1413,2.2199,2.2893,2.3516,2.4081,2.4598
20150529,0.01,0.06,0.2957,0.6313,0.9746,1.2747,1.5224,1.7233,1.8867,2.0215,2.1348,2.2319,2.3169,2.3925,2.4607,2.5231,2.5806
20150630,0.01,0.11,0.3184,0.6519,1.0306,1.3759,1.6653,1.8993,2.0862,2.2358,2.3571,2.4572,2.5417,2.6147,2.6793,2.7377,2.7915
20150731,0.08,0.14,0.3515,0.6787,1.0218,1.328,1.5827,1.7877,1.9506,2.0801,2.1844,2.2699,2.3419,2.4044,2.4602,2.5114,2.5596
20150831,0.08,0.27,0.4407,0.7697,1.0907,1.3733,1.6109,1.8068,1.9676,2.1003,2.211,2.3048,2.3857,2.4568,2.5203,2.578,2.6311
20150930,-0.01,0.08,0.3534,0.6531,0.9378,1.1944,1.4187,1.6115,1.7756,1.9152,2.0341,2.1362,2.2247,2.3025,2.3719,2.4347,2.4924
20151030,0.08,0.22,0.4605,0.7625,1.0687,1.3427,1.5743,1.7649,1.9203,2.0473,2.1521,2.2401,2.3156,2.3818,2.4413,2.4957,2.5466
20151130,0.22,0.42,0.6787,0.9629,1.2408,1.4884,1.6988,1.8734,2.0168,2.1347,2.2324,2.3147,2.3853,2.4473,2.5031,2.5544,2.6027
20151231,0.16,0.48,0.7898,1.0755,1.3501,1.5921,1.7961,1.9638,2.1003,2.2112,2.302,2.3775,2.4417,2.4976,2.5477,2.5938,2.6373
20160129,0.32,0.42,0.6346,0.8053,0.9984,1.1923,1.3751,1.541,1.6878,1.8159,1.9266,2.0221,2.1047,2.1765,2.2396,2.296,2.3472
20160229,0.33,0.49,0.6632,0.7899,0.947,1.111,1.2685,1.413,1.542,1.6554,1.7544,1.8408,1.9166,1.9837,2.044,2.0992,2.1505
20160331,0.21,0.38,0.5983,0.7329,0.9011,1.0773,1.2469,1.4026,1.5413,1.6625,1.7676,1.8582,1.9366,2.005,2.0656,2.1201,2.1702
20160429,0.22,0.39,0.5868,0.765,0.9579,1.1446,1.315,1.4658,1.5969,1.7102,1.808,1.8931,1.968,2.0349,2.0957,2.152,2.205
20160531,0.34,0.48,0.7182,0.8824,1.0672,1.2454,1.4053,1.5433,1.6601,1.7584,1.8414,1.9125,1.9745,2.03,2.081,2.129,2.1753
20160630,0.26,0.35,0.4975,0.5951,0.738,0.8913,1.0372,1.1681,1.2819,1.3793,1.4626,1.5344,1.5972,1.6534,1.705,1.7536,1.8005
20160729,0.27,0.37,0.5699,0.6636,0.791,0.9258,1.0543,1.1703,1.2717,1.359,1.4339,1.4984,1.5547,1.6048,1.6505,1.6933,1.7345
20160831,0.33,0.46,0.6638,0.8135,0.9682,1.1106,1.2348,1.3403,1.4292,1.5043,1.5687,1.625,1.6754,1.7217,1.7652,1.8069,1.8475
20160930,0.28,0.44,0.658,0.7825,0.9247,1.0646,1.1934,1.3084,1.4099,1.4992,1.5785,1.6495,1.714,1.7734,1.8289,1.8812,1.931
20161031,0.34,0.51,0.706,0.8705,1.0455,1.2132,1.3657,1.5009,1.6191,1.7224,1.8128,1.8928,1.9642,2.0289,2.0883,2.1435,2.1954
20161130,0.48,0.61,0.8564,1.1428,1.434,1.6911,1.9036,2.0738,2.2084,2.3147,2.3997,2.4691,2.5272,2.5776,2.6226,2.6641,2.7035
20161230,0.5,0.61,0.8977,1.2018,1.5014,1.7631,1.9786,2.1507,2.2864,2.3932,2.478,2.5466,2.6036,2.6523,2.6955,2.7351,2.7724
20170131,0.52,0.63,0.8732,1.1985,1.4965,1.7504,1.9586,2.1262,2.2601,2.3674,2.4543,2.5258,2.586,2.6381,2.6844,2.7266,2.766
20170228,0.53,0.68,0.9164,1.2367,1.5201,1.7541,1.9411,2.0886,2.205,2.2979,2.3736,2.437,2.4917,2.5403,2.5848,2.6266,2.6666
20170331,0.75,0.89,1.0551,1.2793,1.5407,1.7756,1.9676,2.119,2.2373,2.3308,2.4064,2.4697,2.5245,2.5737,2.6193,2.6627,2.7046
20170421,0.78,0.9,1.0435,1.2076,1.4189,1.6214,1.7961,1.9403,2.0576,2.1533,2.2326,2.3001,2.359,2.4121,2.4613,2.5077,2.5524
