196401,-0.623555819,0.2065492948,0.359590447,-0.2254817431,0.6652326607,-0.06040685321,0.5023764781,-0.847771859
196402,-0.8522973413,0.2938377725,0.5060637947,0.8035973635,-0.05177145907,0.2694362414,0.111037798,-0.5549099478
196403,-0.2918418594,-0.3641050729,-0.4019152456,0.60114628,-0.3277317033,1.201268607,-0.03558523327,-1.253261421
196404,-1.052926159,0.5498269274,0.3113547793,-0.8679227138,1.23164613,0.01341140847,0.2913550637,0.8561368852
196405,-0.6698954598,0.163581509,0.2504099899,-0.01324990324,0.5800316341,0.4471800077,0.1044098328,-0.7194096298
196406,-0.2436741859,-0.2839091389,-0.3822505157,0.2054208651,-0.1223245168,0.8173867135,-0.007913855914,-0.2693000578
196407,-1.044498339,0.361087979,0.1054567781,-0.0108985936,0.642008775,0.3955516405,0.02291964201,-1.218310274
196408,-0.7288088475,-0.4002799898,0.1796566515,0.7774262641,0.2559379464,1.397670247,0.6469191039,0.05749089239
196409,-0.8431500556,-0.3834245409,-0.2430559361,0.4857255012,0.4203668191,1.031553558,0.6786743678,-0.995381174
196410,1.014210362,-0.8377197162,0.1325211999,1.782334439,-1.863617798,1.227602295,2.000012559,-2.492525604
196411,-2.308267768,0.3158912748,0.03834890726,-1.338563106,2.50721297,1.231764601,-1.399781718,1.720801685
196412,-1.432353424,-0.04716767285,0.350185325,-0.6407631908,1.523432743,-0.02557353827,1.103197127,0.3018856452
196501,-0.9978660662,-0.2280881404,0.2198093162,-0.001199333152,1.231284348,0.9835722416,0.754223518,-0.5924118648
196502,-0.4642951006,-0.4141118667,0.6124056371,0.377492284,0.4178576008,0.9741285293,0.2410902213,-0.6885505644
196503,-1.427388046,-0.3207889946,-0.04253408806,0.03082230701,1.331619149,1.20518571,0.5299598725,-0.4557138268
196504,-0.6882675281,-0.7279222018,-0.1649653416,0.544466313,0.8700450949,1.134907675,0.9010061318,-1.518741723
196505,-0.9477197061,-0.4949267601,0.1285934829,0.3289670925,0.7796649329,1.068598748,0.8051917599,-0.6181276228
196506,-0.5860475488,-0.9059624447,-0.2068090202,0.202772438,0.5970533216,1.694146318,-0.0932379384,1.145618899
196507,-1.164269342,-0.1786151737,1.492658994,0.5364642009,1.306399449,0.8757100958,0.7305584796,-0.693532769
196508,-0.3727357969,-0.565092325,0.02824592759,0.498246655,0.363373197,1.212106263,0.2350830136,-1.089850221
196509,-0.7134867249,-0.3079360824,-0.427656781,-0.03840735057,0.8326593608,1.161640194,-0.2520535932,-1.735211317
196510,-1.176489482,0.2708800245,0.1193120211,-0.2959723978,1.125533259,0.02274651252,0.2885920897,-1.283467384
196511,-0.9453391942,-0.2976480501,0.1685879817,0.1769282509,0.7555927066,0.8128626232,0.9238525422,-1.05596473
196512,-1.444830135,-0.5807027094,-0.312486705,-0.2522792191,0.714181573,1.170305436,0.03057404909,-0.3788260823
196601,-1.134596636,-0.3225816718,0.9281515153,0.3624928517,0.7902611607,1.432169191,0.7201674929,-0.5546260105
196602,-0.9866101672,-1.085615348,-0.9454334145,-0.04799278518,0.6926400787,1.851955506,1.618318191,-1.090751345
196603,-1.609608311,-0.5243353035,1.29138331,0.1000267055,1.37022967,1.283844988,0.8825570267,0.3330195852
196604,-0.6671293381,-0.83824382,-0.4508112719,0.4815935716,0.7568492307,2.134203509,1.009039119,-1.137790256
196605,-0.4149989075,-1.418539365,1.245365612,0.4807327874,0.8962299047,2.352473702,1.704528509,0.9077962491
196606,-0.9388278424,-1.134054736,0.2759039872,0.1733691212,1.729539526,1.806548328,1.276218042,-1.03891597
196607,-0.3646354232,-1.533261962,-0.219160142,-0.1549185678,1.089313057,2.05904082,1.175906239,-1.118882261
196608,-0.1518396117,-1.72814367,0.1674866458,-0.5213440763,0.6695272044,2.364082548,1.218414389,0.5378941161
196609,-0.183121157,-0.7022602003,0.9985063059,-0.9924639433,1.078684004,2.092667513,0.1491420844,0.04373712654
196610,-0.1324114746,-0.7351085846,0.5990294353,-1.155122171,2.299316706,2.147451858,1.822990714,-0.08419190242
196611,0.6570918461,-1.123606447,0.4801072937,0.4742145267,1.075339955,2.998209431,0.5152231525,-2.83705122
196612,0.5709142607,-0.511952852,0.4674934466,-0.1981619275,1.827979522,1.727024318,1.321916281,-0.775724929
196701,0.2915161913,-0.04167390104,0.2215741802,-0.06760439731,1.932806549,1.938074784,0.6472752176,-1.185237019
196702,1.315762801,-0.5987804975,-0.3445685371,0.392153343,0.2453513832,1.370379029,0.4963511243,-1.97197792
196703,0.8668278772,0.06387554157,0.3821490763,-0.0938828599,0.9190224301,1.380301499,0.3716578715,-1.437563082
196704,0.5090503557,0.5373371818,-0.1998027401,-1.387482008,1.142677182,0.1677083374,1.318576882,0.03555932896
196705,0.7202544977,-0.0806566314,-0.1423062372,0.2616956039,-0.3222754275,1.406534122,-0.3638479545,-1.915105495
196706,0.1817870066,-0.02815266038,-0.567672603,-0.8443500249,0.08195139719,0.1993495872,0.6727762156,-0.9766060596
196707,0.2124278645,0.02201821231,0.3618163605,-0.1422804196,-1.120753842,1.867461514,-0.1717178126,-1.33881562
196708,-1.126856698,0.7094491167,-0.0577118315,-1.335918972,0.9691097827,0.7115484381,0.1260621015,0.2495759849
196709,0.1635147326,0.2781569239,0.1661933339,0.1676416517,-0.6481275401,0.8712502976,1.009265214,-1.119309149
196710,-0.172870773,0.2579634587,0.1308830774,-0.6177424892,-0.534777355,1.331980025,0.4475921921,0.5656694202
196711,-1.684573267,0.3168183332,0.1789815104,-1.468311965,0.8685234479,0.8082758714,0.6467363233,0.4803188852
196712,-1.095414866,0.6724723569,0.5188643876,-1.256383806,0.8814719223,0.479488888,-0.1018466927,-1.305400335
196801,0.7666600852,-0.1373349137,-0.3758154406,0.0415296874,-0.9523443658,1.826361105,0.3399431729,-0.4558319774
196802,-0.8562062845,-0.2996250193,0.2932403482,0.525101888,0.3547573656,0.6365794119,1.947112982,0.5239649884
196803,-0.4649412502,0.04649684683,0.1987260793,-0.221497689,-0.05389844443,0.5578036733,-0.104228234,-0.6813406037
196804,-0.5685623484,-0.5020847701,0.04156075217,0.7377033168,0.22430784,1.144237134,-0.2837654134,-2.419897407
196805,-0.7590686436,-0.3450684387,0.47005638,-0.6638833845,0.5606633202,0.426910935,0.0689994964,-0.1155955784
196806,-0.08830072773,-0.4172494227,-0.7959202088,0.0629927124,1.144119853,0.2658616347,0.2039596751,-0.939829825
196807,0.0002931982548,-0.2625821901,0.4094288389,0.6905983776,0.4417155192,0.04331355666,0.1918976667,-1.028770962
196808,-0.2709584002,-0.7769242197,0.01919874917,0.8933775921,1.00530118,0.7196344622,0.470286204,-0.1031229957
196809,-0.466570059,0.1595731454,0.2000475682,0.02139536164,0.5267981039,-0.2525255715,-0.6728230158,-0.7518605385
196810,-0.678114881,-0.2953470872,-0.2400195335,0.007343236362,0.4802606629,-0.1692176291,0.02736662145,-1.243157953
196811,-0.9557150293,-0.2179598548,0.1958844246,-0.1245919734,0.764062495,0.1160324656,-0.377229066,-0.08971089954
196812,-0.3350811673,-0.7213281748,0.6920823721,0.2412701623,-0.7197329144,0.8614970816,-0.1074062517,-0.5674210917
196901,-0.6403451069,-0.7205030169,-0.2485277705,-0.1440462342,-0.1536789812,0.04852099562,0.8918261749,0.1726048441
196902,-0.7778577625,-0.5399076397,0.3265479597,0.2713908842,0.5218034764,0.08618969765,-0.2270734085,-0.2841227331
196903,-0.6181792153,-1.0786011,-0.9830470269,-0.1933071753,0.4380973042,0.2141334997,0.5979116032,0.4460188976
196904,0.08239767983,-0.9919065933,1.079534333,1.036390787,0.1516987472,-0.4863724472,0.006645602987,-1.109066101
196905,0.06687731313,-1.855541698,0.5138843156,1.173003237,0.6855296037,-0.5131554584,-0.884095185,-1.656151157
196906,-0.5605047139,-2.42021054,-0.146791229,-0.1968332961,0.9523505397,-0.412689672,-0.1751291254,0.9366413827
196907,-0.1609568521,-1.43067134,1.01625357,-0.7769600538,0.7073120022,-0.4539998041,0.1340358336,1.279611398
196908,-0.1840053433,-1.638138562,0.2807073976,0.6625207062,1.496840721,-0.08013318904,-1.027425082,-0.650971143
196909,0.4689893257,-1.444199104,0.1599229309,-0.2314065058,0.01553515675,-1.364025484,-0.2825150597,-0.2782976044
196910,0.07025664237,-1.510429777,0.1651774432,0.5657038676,1.053387474,-0.1253743522,0.3211073132,-0.5660870751
196911,1.011763801,-1.577898345,-0.2416895994,0.6406079872,-0.2443614072,0.5242578956,-0.6610422191,-1.389218363
196912,0.295305176,-1.963789585,0.5336156766,-0.3012745283,-0.4102716974,0.4038767334,0.5691304737,0.4952069208
197001,2.037970845,-1.850823014,0.1368412517,0.5729774799,-0.6773648376,0.6160883061,0.9090173003,-0.8993855418
197002,0.9007513231,-1.013275621,0.6072816783,-0.04304665722,1.352227798,-1.192242023,1.325359181,1.352976134
197003,1.116299372,-0.293962737,0.2137766168,0.7405909674,1.011782192,0.7554035504,-0.6360956516,0.03802369542
197004,1.388326926,-1.216829579,-0.4884740281,-0.5776661116,0.03436039752,-0.1940721376,-0.2851706761,0.5154683934
197005,1.002284271,-0.8060812076,1.285734718,-1.336451949,-1.268270043,-0.7156160445,0.2151224947,3.032643541
197006,0.8703880758,-0.1280004304,-0.3536087653,-0.2134069565,-0.467628151,-0.2536083323,-0.1596625718,0.1267304669
197007,0.2705931161,0.119459267,0.07924826629,0.1293925415,0.2354806067,0.2211554558,0.4324972662,0.003429052482
197008,1.141136142,0.673586877,0.1949286739,0.4769759902,-1.024712985,0.5689806023,-0.6609489739,-0.5891777925
197009,1.27553329,0.4826131632,-1.333308117,0.1992888813,-0.5736751289,-0.5961365042,0.1350122208,-1.276299336
197010,2.484638508,0.01848167943,-0.3874020001,1.375220782,-2.692897424,-0.6693502721,1.541438166,-1.506963426
197011,1.670564942,0.5956045267,-0.1684681726,0.664856491,-0.819335452,-0.3210783663,-0.3493034286,1.080943665
197012,-1.296585431,2.681589241,0.1466156162,-1.391133866,2.536578262,-2.450174762,-1.832379694,1.267148125
197101,-0.1730660706,1.926480474,0.2305879956,0.3024761439,0.128513304,-0.3725915265,-0.6305176773,-0.4765843582
197102,0.3120892397,1.492446715,-0.5226452146,0.898220792,-0.2382540699,-0.3107618928,-0.3184209463,-0.3992203717
197103,0.314915223,0.7777452416,-0.2246053549,0.7584726418,-0.807263754,-0.6047625016,0.05641428692,-0.08774334929
197104,-0.6321107421,0.4453975326,-0.2811531821,-0.06009221965,-1.042847074,-0.6935345537,-0.6281752476,-0.9661714244
197105,-0.7620665117,-0.2456494761,-0.5055841104,-0.03483188389,-1.586705119,0.002860438062,-0.9898195159,0.4665481582
197106,-0.3097017138,0.3976499618,0.08420400641,-0.491571631,-1.526547783,-1.345711829,-0.2739933702,0.2908682398
197107,-0.2361241418,0.06248747556,0.5452221748,0.6671825968,-1.983517539,-0.1520765528,-0.08751185643,0.6968117921
197108,0.02820940058,-0.07384218976,-0.5844498374,1.618755543,-0.9958381918,-0.7668398167,-0.01955876119,0.09176419331
197109,-1.035079207,1.105890961,0.5089412543,0.8399152013,0.8886246908,-1.18998644,-0.9763986359,0.702719439
197110,-0.502441869,0.8420427974,-0.5688607796,0.2149120429,-0.2987864621,-1.316015099,0.009526552531,1.622339578
197111,-0.5239009238,0.4730727071,-0.1388146112,0.8163041921,-0.0768651696,-1.405378498,-0.3139048903,1.310454291
197112,-1.131480099,0.8811364328,-0.9983153721,0.676380007,-0.04008958188,-0.8947126226,-0.6809789783,-1.181092697
197201,-1.990996544,1.595305219,0.06578406741,1.168949241,0.7698784592,-0.3268715585,-1.178506589,0.3308448773
197202,-1.121214418,0.8120566546,-0.8704105031,0.5483451949,-0.977319353,-0.2235764706,-0.5624377788,0.02451488644
197203,-1.355168822,0.7541056781,0.8974651815,1.062796636,-0.8981954624,-0.7234071837,-0.195749624,-0.5727147992
197204,-1.256420933,0.2952903455,-0.3057993678,0.108900683,-0.7803392321,-0.669637386,0.1626465657,0.4368503414
197205,-0.8631356704,0.04443800929,-0.5704284158,1.534353191,-0.7018139349,-0.09765493186,0.07304859999,-0.07969363481
197206,-0.82424941,0.1452373853,0.1372187226,1.317925011,-1.087331444,-0.6874256989,0.1948957273,0.1351229216
197207,-0.2860966348,0.2473305876,-0.7236926373,0.5638290482,-1.406583741,-0.5365163663,-0.6828045445,-0.2157797803
197208,-1.826067803,0.6280369968,0.4018943222,0.7976673027,0.3754468044,-1.010545391,-1.214618521,-0.3548796902
197209,-1.395524833,-0.02195628904,-0.9513819414,0.3517291044,-1.304408876,-1.144610664,0.0402064038,0.2180205985
197210,-1.878120377,0.5235683886,1.146667445,1.147056725,0.1622211203,-0.5128290074,-1.151599098,0.0824081757
197211,-1.921191605,0.1825895078,-0.9268866574,1.064732956,0.152427388,-0.6870576885,0.05051296475,-1.148744662
197212,-1.989014622,0.04676138503,-0.05012343765,1.076172262,-0.2297536415,-0.5812470588,-0.8555116575,-0.5744123771
197301,-1.795993488,-0.6407639323,-0.2623731986,1.541633554,-0.8145049371,-0.6957024598,-0.04564648043,-0.4331572376
197302,-2.238483313,-1.14875729,-0.6580730844,1.384497033,0.5364228082,-1.323566181,1.222233778,1.787984612
197303,-1.170984927,-1.623237163,-1.01222075,1.668916735,-0.9523809287,-0.4908500447,0.03636315852,0.2155470494
197304,-0.4872668772,-1.370998501,0.8908892854,2.183613758,-0.8692041245,0.1890199827,0.6378252395,0.3092309023
197305,-0.9829579958,-1.228396485,0.2059232329,1.328396618,-0.02385317074,-0.6502053298,-1.211222763,0.8726094002
197306,-0.8307053759,-2.002011295,-0.1467805653,1.810665097,-0.5809103323,-0.6120450715,-0.08648655247,0.3000126038
197307,-0.5249393686,-1.842905753,2.521643287,0.9337792011,-0.5341289326,-2.195158512,-1.455526832,-0.01252855753
197308,-0.3009929792,-3.817912072,-5.103659573,-0.3042591267,-0.5863801675,-1.390627081,0.9169044025,-0.5796926121
197309,-0.4662156977,-0.7507022674,5.321151332,1.864994764,1.444017269,-1.549137651,-1.523565571,0.5945785643
197310,-0.7808107835,-1.406281427,-1.194103476,1.327306268,3.237926835,-1.157688821,-1.121165645,-0.9811493402
197311,-0.7782727841,-2.904605045,-0.0668407332,0.3410930734,0.9658821084,-0.8136493941,0.4500780575,0.8411841351
197312,0.3749789163,-3.112492414,0.2302722047,1.808945637,0.5933390286,0.5807590243,0.3244980679,1.630398779
197401,0.3704584761,-2.800152395,-0.8831533136,0.421215876,0.2758608089,-0.723547239,0.54807246,-1.904268138
197402,0.4183274523,-1.788105206,-0.1665672335,1.875597863,0.7931235041,-0.9722910981,0.5625811372,1.19876786
197403,-0.08514888918,-1.652969279,0.5627386774,0.4797890313,-0.199297276,-0.9451515868,-0.3757200115,-0.7606871898
197404,0.2345560742,-2.431311922,1.898575107,0.5045686339,-0.6287364922,-0.6151482455,-1.027246954,0.3008247022
197405,-0.2934520538,-2.637651899,-0.8208137395,-0.6457663367,1.757850367,-1.42632192,-0.08318061836,0.5301624428
197406,0.7414431601,-2.579518469,1.757278211,0.3901698595,1.499337362,-1.363634316,-0.5842632001,0.2853780945
197407,0.7487575456,-3.767229925,-0.1240123552,-0.3163436757,1.596039669,-1.079602951,-1.244989738,1.165651732
197408,1.044528119,-3.314501292,-0.3845374115,-1.201312632,0.1187261151,-0.5520323268,0.4144043412,1.029642757
197409,1.579062461,-2.660214955,1.567053542,0.06786058366,1.1427583,0.9228190486,0.3881991799,3.404649221
197410,1.967105616,-1.109828012,0.3485753568,0.6074562374,1.904510946,0.9726008347,-0.7388182415,0.2729529654
197411,3.887394655,-1.483932297,-0.129452054,1.221347122,-0.783344143,0.09644251234,0.7863211109,-1.14173059
197412,4.902007986,-1.486072937,0.7275864252,1.040219258,-2.719984349,0.9749869791,1.198954329,0.912613089
197501,3.749876702,0.875567382,0.04916497645,-0.4084205388,-0.359305451,-0.8570325255,0.6553397233,-1.472312034
197502,3.79511502,1.520154245,0.1276785138,-0.2346507417,-0.5646377712,0.2741761532,-0.9483374589,-2.987736003
197503,2.84695187,1.138171003,-0.03781750057,-1.553634771,-1.037978768,1.494584281,-1.348716147,-0.8816854823
197504,1.228032002,1.320357488,-0.04546678434,-3.852080413,-0.6842594719,-0.2063927484,0.1281214062,-0.05914670592
197505,0.9408436177,2.09752283,0.2757260047,-1.188707845,0.6419717502,0.5457553302,-1.022075883,-1.650388901
197506,0.5313608906,1.546769806,-1.146663484,-2.559803104,0.7480117481,0.4337804008,-2.119659176,-0.4249036167
197507,-0.7161801796,0.6538423218,-0.6411283186,-3.318667312,0.3320872124,-0.3931623731,0.8980154049,-0.5282724454
197508,-0.7380355892,0.5516840177,1.861851058,-1.605452684,-0.1802334252,1.907105436,-0.1987724569,1.006188862
197509,-0.594637449,0.7970000876,-0.5941277615,-1.812532887,0.6467671542,0.6980920451,0.3522126451,0.6792502764
197510,-0.1878803,0.9886308392,0.01165864971,0.260778335,0.9202384412,1.382669874,1.106084614,-0.9170751243
197511,0.0725287933,1.366773549,-0.4025303203,-0.3819348077,0.1022392373,1.207636969,-0.4806670727,-0.3740342619
197512,-0.8212134038,1.165881409,0.6430941301,-1.149156684,0.5107871009,0.8501336435,0.7344115347,0.1974040412
197601,-1.319103549,1.994535245,0.2446925501,-0.01443221061,2.186452793,0.672978453,-0.1248902087,-1.763429187
197602,-1.18072874,1.131310883,0.2815750693,0.3264279236,0.4790027941,1.840137382,-0.7383999962,-1.039021871
197603,-0.465975,0.555055824,-0.1117450376,-0.2510826321,-0.3983276898,1.16554434,0.5546776545,-0.8220762733
197604,-0.5648140797,0.4932099791,-0.4777721926,0.291352009,0.6269735063,1.165459161,1.259343958,-0.5683125949
197605,-0.4579192917,-0.08054346494,-0.4536387857,-0.8389075304,-0.9181407037,1.278663359,-0.06460363622,0.4553751463
197606,0.159192247,0.2324660309,0.07615770841,-0.5232558195,-0.7768999316,0.02215156061,1.062360918,-0.09701698
197607,-0.3342713598,0.5850516631,-0.2269910837,0.1638792714,0.4590342222,0.8290073769,0.4704341729,-0.3993914401
197608,-0.2313202527,0.5559682144,0.04806562841,-0.01605384122,0.03572937073,0.8374848893,-0.2692543257,1.077664017
197609,-0.3416938691,0.2976626159,-0.3822959801,0.6732938451,-0.08189139716,0.3138224807,0.6382859924,-0.3614374634
197610,0.2567965805,0.3676694045,-0.1113045345,0.312769492,-0.5370679709,0.5765045859,0.2934179349,0.9282035706
197611,-1.005064475,1.004757879,0.3489488329,-0.7074540377,1.042736574,-0.266807545,-0.871010684,1.517825798
197612,-0.8473403765,1.198385347,-0.3254603834,0.02620473941,0.9334318015,-1.207309781,0.3755514101,-0.03416833481
197701,-0.1834772794,-0.2304117082,-0.2559233426,0.4986883173,-1.176112527,1.478083209,-0.6542055128,-0.6462733026
197702,-1.256473253,0.2709106406,-1.052026122,-0.7853624751,0.1421968918,-0.8688073088,1.14514402,1.923923104
197703,-1.638795516,0.78962108,1.08054679,0.6025176135,-0.1510909882,0.07601878351,-0.6182901763,0.595568409
197704,-1.111747151,0.2577410979,-0.4549802332,0.6911934011,0.0098536379,0.5838248056,0.09233976721,0.6292758121
197705,-1.120896124,-0.0167267475,0.654130733,0.3617503599,-0.7446725429,0.17060526,-0.0850441804,-0.2714747876
197706,-1.000653837,0.09898023279,0.06575221466,0.642847579,0.1902622384,-0.2316489311,0.5640494768,0.6724756815
197707,-0.7707042216,0.1476074032,-0.3289784682,0.9476567947,-0.551906171,0.2613191649,-0.40181631,-0.5407118567
197708,-0.6611767016,-0.3385324343,0.2976220805,0.5824238304,-0.9828221655,-0.08939896593,0.05989243412,0.4299762075
197709,-0.782224407,-0.2834670443,-0.01551719195,0.6841578833,-0.250156664,0.0185299077,-0.4047251367,-0.03573828237
197710,-0.8828518605,-0.2248060126,-0.1676580477,0.2874129281,-0.7961643067,-0.4601602403,0.05316707413,0.1936867149
197711,-0.7855775646,-0.2252760069,-1.037616272,1.05008539,-0.3001783293,-0.1746299254,-0.212466835,-0.2937801295
197712,-1.262439652,0.3172493984,0.4442423012,0.8882029214,-0.2746069074,-0.01268552581,-0.2633359908,0.4344363328
197801,0.5314107855,-1.544801971,-0.7383734917,1.837602301,-2.614267941,1.717395478,0.1582590665,0.03217408311
197802,-1.006597758,0.0908199472,0.4735080832,0.04711926987,0.2479268932,-0.820548169,0.4598840233,0.3907861449
197803,-1.624152112,0.1790887594,-0.4793676296,-0.1620695967,1.015207018,-1.095735435,0.5520859827,1.070596578
197804,-2.18300918,0.3159502377,-0.3412637276,0.3422345929,1.133257441,-1.227839559,-1.145711362,-1.102500727
197805,-0.8154911794,-0.6024224629,-0.01748486599,1.051009847,-0.7476987123,-0.1046845086,-0.3941041594,-2.055499803
197806,-1.451018743,-0.4309762901,-0.1472901183,0.985358971,-0.1701865773,-0.4805921937,-0.09401542568,0.2724745171
197807,-0.302301675,-0.7888306136,0.3398978505,1.710466076,-1.27923956,0.03549763487,0.3144744979,0.5284856038
197808,-0.9653315756,0.348146984,0.0351335795,1.719273992,0.6588580781,-0.8887241984,-0.3750012412,-1.277358878
197809,-0.7488938933,-0.8511772958,-0.7281236419,0.3581495096,-0.6763097027,-0.3867983341,-0.8116527335,0.2687701219
197810,-1.343232181,-1.039535145,-0.03480188625,0.4355794692,-0.2446528542,-0.7153420893,0.1627224586,0.2327024527
197811,-1.39640539,-1.895671446,1.0163024,0.3047047525,-0.6056101771,0.08215686609,0.03919731978,0.7654365799
197812,-0.841730789,-0.9546595356,0.3852642838,0.6415933739,-0.1974933705,-0.6068837957,-0.1733733785,0.009497185288
197901,0.03812194963,-1.315881658,-0.6490347697,0.6520144458,-0.335111715,0.1467709817,-0.05015925209,-1.654986277
197902,-0.3151147518,-0.9849379286,-0.08158415436,0.4023754598,0.3943163701,-0.1657090717,0.08571437848,-0.09878115496
197903,-0.852111089,-0.5431624,-0.09600027236,0.3662546403,0.5015222619,-1.4234453,-0.504729805,-0.1135709244
197904,1.139172408,-1.584793392,-0.7526860854,2.039183275,-1.703025462,0.4318258132,0.5556195638,-1.172886777
197905,-1.136656676,-0.6372537962,0.4664756281,-0.5403166051,0.4475188098,-1.393526032,-0.1594861706,1.129264123
197906,-0.00546935221,-0.8897495504,0.1749426974,2.001575623,0.8610341194,-0.2072381349,-0.8584363202,0.4888633154
197907,0.3127190979,-1.238440034,-0.2190047748,1.290710354,-0.02356205203,-0.5445765792,-0.5195376656,0.3597215511
197908,0.9647850324,-1.147029189,0.4166866293,0.6161699828,-0.8147824659,-2.127051144,-0.03306978169,-2.131976772
197909,-0.3149253443,-1.153583305,0.1130233593,-0.7407713576,-0.6861000478,-1.534480588,-0.9402724545,-0.008003444047
197910,-0.2467175567,-3.26697408,1.106027778,-1.592722565,-1.441023929,-0.9913937173,-1.482622597,-0.1120446266
197911,0.5388464182,-1.796173171,0.4101091264,-0.6654350343,-0.2978703585,-0.5469164597,-0.2720762434,-0.5452468432
197912,0.6783712114,-0.9573925862,-0.1150508733,0.2365995319,1.418326467,-1.426980505,-1.315990357,0.185731497
198001,0.4239642288,-1.577140616,-0.9249230159,-0.6568009571,1.384774024,-1.818193091,-0.7687615701,-0.7374908085
198002,0.2840639571,-2.297180381,1.346916793,-2.155558005,-2.054294828,-0.0995522618,-0.9004298621,-1.337871521
198003,0.9648299086,-4.675636254,0.9894790871,-3.270830625,-1.988395365,0.336373676,-0.2510526985,1.003778762
198004,4.300711998,-2.317035438,2.20505401,2.727549562,2.904166821,-0.5784666802,-0.1344920977,1.776714072
198005,5.043568458,2.012506185,-1.855125569,4.665055935,4.632595163,-0.2946363628,1.064871905,1.177241372
198006,2.740464776,1.291214345,-0.4414790485,0.6830616557,1.623707661,-1.648737357,-1.871819632,-0.9416060631
198007,1.657981874,0.7080587046,0.7923316261,-1.711227777,-1.046436791,-2.039709531,-1.277988635,-0.8199792129
198008,-0.4601922181,-0.4243288644,-0.4833616473,-2.98496621,-1.332535227,-0.4833776665,-1.606714659,-1.574929016
198009,-0.9676549593,0.07857752182,0.380794461,-2.641702252,-0.5776190835,-1.659857408,-1.338045828,-0.4119433009
198010,-1.075810394,-0.560713233,0.7370883336,-2.090430454,0.3511498871,-1.537216332,-1.64969844,-0.7059769674
198011,-1.120136623,-2.371995838,0.8378657534,-2.856915492,-0.5604298057,-1.092870318,-2.928578777,-1.325764058
198012,-0.1790315613,-3.613350272,1.596925223,-1.529382275,0.4910097817,-2.599232454,-1.065333021,-0.167041183
198101,1.261421532,-2.587473578,-0.4183281229,1.153180621,3.070105845,-3.116699172,-0.7920919664,0.2654473886
198102,0.9142927478,-1.75357768,-0.0459499727,-0.774681571,0.2271298627,0.5600058676,-1.206424427,0.0846602425
198103,0.5273338296,0.1680678633,0.8412114631,0.5831239628,2.114137797,-0.1222682767,-1.21257996,0.07875722485
198104,0.09209590348,-1.311577398,1.307537728,-1.105240497,0.05485956136,-0.5213654039,-1.808071707,-0.9542837037
198105,-0.06795685087,-3.485851456,1.197126683,-3.365912295,-0.4586720827,-1.723017902,-0.1447864737,-0.4104639331
198106,1.436483838,-2.217334034,0.2337708269,0.5187748894,4.16690141,-1.761237675,-1.866074086,-0.1754882696
198107,0.4531173927,-3.138923102,0.2963010791,-2.220107583,1.907328169,-1.122043549,-2.242139773,-0.310000324
198108,1.062337826,-1.651022315,1.265853217,-1.921078609,0.6504453166,-0.2288953153,-0.9356272631,-0.7151020073
198109,1.849126367,-1.226517089,-0.2193300997,-0.7161817275,0.1391342168,1.593733428,0.9465254405,2.90965322
198110,2.347282811,0.1960270265,1.030270521,0.1596642105,1.445761179,1.366873968,0.2091339683,1.021594744
198111,3.252410282,1.334592858,-1.017748221,1.991057285,4.369259145,0.2398403522,0.8062351937,1.305486157
198112,2.663103485,-0.01547743024,0.3626308385,-1.232752174,-0.7290655405,1.013556004,-0.7115445742,-0.3373491801
198201,2.505403328,-1.370033952,0.07819549612,-3.367255841,-3.295561508,0.5658506282,-0.3099719385,-0.7644020182
198202,0.3495467771,0.1591919757,1.735253415,-4.790026697,2.053146709,-1.508819917,-0.1877968744,1.798629986
198203,2.345488459,0.1340700433,0.7396716604,-0.4280150573,1.592681363,-0.150092746,-0.8160490992,1.088863886
198204,2.229214591,-0.09751238929,-0.03171343615,-1.77283345,0.9020557712,-0.6650346071,-1.795468137,-1.536128476
198205,1.78254358,-0.1100290163,-1.978726144,-1.416300427,1.723047966,-1.564358184,-0.4438059096,0.2783930564
198206,1.981310907,-1.221226036,-0.3200306715,-3.488724401,-0.94813674,0.4477348958,-0.4258811887,0.6831565155
198207,1.961150002,1.477136667,1.351376064,-0.6042229226,0.5951328385,-0.2783517802,0.3429552645,1.648622864
198208,2.605439957,2.447305371,0.2592878264,1.014681917,1.856430391,1.452218634,-0.02857871332,0.9956428566
198209,1.971358546,2.12178783,0.04482815152,-0.474448737,1.349838156,-1.339258182,-0.60550675,-2.281694465
198210,2.624821673,1.651470257,-1.507493419,0.0677018512,1.48460146,-1.68422543,0.1209548084,-1.727438086
198211,1.763181915,1.579016078,0.7850694155,-0.6067176494,0.05732928613,-1.375822341,-1.238340452,-0.2803641674
198212,1.208005693,1.173562399,0.3271635895,-0.09177991798,-0.3756363699,-0.5741983471,-1.508557594,0.4585370309
198301,-0.6287893477,1.894413779,-1.113035099,-1.652191396,1.781799868,-1.834983112,-1.728178031,0.7527867979
198302,0.5479714162,0.5377021552,0.2328345622,-0.1065326673,-1.739661545,0.5984557227,-1.903571721,-0.8188387223
198303,-0.3362258309,1.256497831,0.06881648029,-1.257980839,0.3988142715,-1.458095167,-0.3239847505,-1.199048646
198304,-0.6962805994,0.6315668909,-1.589162078,-0.9767925002,1.218418801,-0.9741394065,0.1421527557,-0.2850994164
198305,-0.7009059894,1.24750975,0.4765727009,-0.117287731,0.5636135576,-0.7361859458,-1.402310426,-0.4736585525
198306,-1.207299822,0.154572884,0.5641521517,-1.045818477,-0.7399582169,-1.064063719,0.2327366719,-0.7877912108
198307,-1.747984139,0.1407472478,-0.2416487419,-0.9265086932,-0.1622836799,-0.1262547512,-0.5436666695,-0.341276374
198308,-0.7812631286,-0.2971506922,0.1051935542,-0.4546844423,-1.227733664,0.2607623327,0.3275928643,1.49697254
198309,-1.973128639,0.7132276476,0.2385196572,0.3461546175,2.024574986,0.3625305444,-0.2043712362,-0.5975309161
198310,-1.121182458,0.6130271574,-0.003738677983,0.7972016211,0.6646462767,0.07100544656,-1.187332685,0.1493092995
198311,-1.12768072,-0.2018827922,0.2557791674,0.2961093393,-0.3864937502,0.2764170257,0.3526636714,-0.5153484134
198312,-1.246743794,-0.07593670083,0.2312430355,0.1432170692,-0.4118725532,0.6308778458,-0.116099937,-0.6366545616
198401,-1.702932946,0.5515106603,-1.179203291,-0.3613463927,1.473560744,-0.7023385096,-0.577427542,-0.08935611318
198402,-1.485408804,-0.5303096059,0.05219425617,1.661844948,-0.4723389745,0.3021767058,0.9882727826,1.753519395
198403,-0.8503266374,-0.4189922741,0.5880601469,0.0759476724,-0.9841623648,0.850221119,-0.4798844581,-0.08996123415
198404,-1.008084781,-0.4695892819,0.07481126973,0.08826166346,-0.5846424894,0.274825947,0.1840350894,-0.4214426435
198405,-0.9699968053,-0.2922322946,0.8229672047,-0.4326348043,-1.68244911,0.5715044436,0.0418991108,-0.6695563701
198406,-0.9621881175,-0.413416398,0.05859508316,0.4390761776,-0.7516991475,0.4866410629,-0.4197816504,0.2574499814
198407,-0.3988743192,-0.5314713253,0.01016727514,-0.1794285247,-0.2255008916,-0.2367014317,1.249821557,-0.1327116024
198408,0.2282333639,0.2510750567,-0.07624532771,1.285130958,0.8138191357,-0.292320165,-0.07057406769,-1.555270248
198409,0.08828879635,0.02989906067,-0.05234604105,0.7293238815,0.2127136497,0.4345846724,-1.215458031,-1.086145097
198410,0.02373895351,0.6979450629,-0.4255407404,0.6319475429,0.7330511257,0.3332460589,0.8267555063,0.633643902
198411,-0.1736695331,1.467807984,-0.1505213792,1.634885017,1.534847852,-0.3368119641,-0.5440303834,0.01219083728
198412,0.04835419652,0.9169371042,-0.03953512185,0.1139882739,-0.1033553129,0.2409845379,0.178971144,0.7783593453
198501,0.1928585764,0.6732692666,-0.5266550844,0.4968234402,-0.4194856413,-0.6020611867,0.3889846973,-1.632515541
198502,0.04589426224,0.5261459037,-0.6366546878,-0.995068679,-0.9819286139,-0.5451587164,-0.4062214868,-1.748997676
198503,-0.5630699906,0.3833538869,0.3572101061,-0.4872164622,-1.542820307,-0.2714631054,0.4490619041,0.2418680698
198504,0.6060977766,1.311978489,-0.4865364659,2.105519792,-0.3728382449,0.1641356027,-0.1124196944,0.7920118928
198505,0.09064594377,1.484370443,0.08939206368,1.031547101,0.5615668029,-0.7650173832,0.396372005,-0.1053126644
198506,0.5252465957,1.392178313,-0.645357521,1.40071094,0.6362771694,-0.0302749492,-0.73503053,0.2948676634
198507,0.4597226926,0.3797802823,-0.3313592772,0.9554006965,-1.075596474,-0.6784796163,0.2561303639,-0.05971787934
198508,-0.3814792776,0.6424450616,0.03607644452,0.08278791798,-0.371366632,-0.937118118,-0.2271679586,0.7797775319
198509,-0.2003565973,0.4975011913,-0.1175338509,-0.2454907537,-0.6023297299,-1.04687376,0.03178699793,0.171163048
198510,0.2355089306,0.091258275,-1.39661714,1.464300097,-0.6168132858,0.08122257698,-0.4845055773,0.8598561095
198511,-0.1260859132,0.9782327465,-0.6470364009,0.6247346114,0.5606576708,-0.9886141853,-0.2075614244,-0.5420511903
198512,-0.1758356419,0.8261552599,0.002169895067,0.6956162898,0.8688623053,-1.326276343,-0.9635306722,-0.4043162069
198601,-0.5122796652,0.5719104468,0.5269691051,0.2553890633,0.1842393518,-1.911103353,0.488901583,0.6809408132
198602,0.949666492,0.7732226404,1.544116477,2.359320772,-0.741414519,-0.3834225871,-0.9293486147,-0.1677945679
198603,0.4932529246,1.2300549,0.4961726652,2.563878554,0.7106736201,-0.7467445219,-0.9466402153,-0.7938515006
198604,-0.02729965381,0.869173249,-1.100991007,1.09353464,0.5914100662,-1.604784884,-0.303010859,-0.1973472365
198605,-0.08238391335,-0.337210168,-2.797269284,-0.1049008678,-0.8189664321,-0.5920639799,-0.9698570171,0.02230891426
198606,0.3341484117,0.3033137599,-0.5690966993,-0.1969856056,-1.106529718,-1.533866195,-0.1277168354,-0.4800043933
198607,-0.2472503262,0.9264600529,1.209432344,1.534898372,0.6675148499,-0.4169417845,-0.7472965948,1.202342913
198608,0.0549044791,0.4664663213,-0.9439940785,0.8484616405,-0.1265216153,-0.736227963,-0.1420094687,0.03015015797
198609,-0.3131434907,0.4018666111,-0.7875124894,-0.2276197141,0.006174838224,-1.484947835,0.5474246417,-0.02414802028
198610,0.05153471212,0.1275459532,0.4766249313,0.6299001533,-0.6511271488,0.6857684328,-0.606030182,0.8050439935
198611,-0.1345667631,0.2991993564,-0.2244310361,-0.1057905489,-0.05392084644,-0.3574635734,-0.7679492316,-0.5208850008
198612,-0.6280394109,0.5199044273,-0.2456379063,-0.1032950123,0.7039179398,-2.220634613,-1.668407253,0.2431194417
198701,0.4718679702,-0.6824904851,-1.938392056,1.746789705,-0.6054600487,0.1709333544,0.7885664953,-0.2698867676
198702,-1.12021472,1.221398909,0.9051538538,-0.4014553637,0.7961830878,-1.888131544,0.1071466025,-0.7497088766
198703,-0.3152535239,0.3438919252,0.2703757154,0.9005899374,-0.231927848,-0.2008001715,-0.2019029769,-1.15305678
198704,-0.6682603501,-0.5375846287,-0.598788652,0.121783221,-0.8059660522,0.6084598352,-0.7923372254,-0.1455067657
198705,-0.7706586058,-0.4321119805,0.6301432171,-0.4628592448,-0.6998413044,0.1660109139,0.106987105,0.568791987
198706,-0.3206298817,0.08224035155,-0.3640975104,-0.03912376251,0.1590560598,-0.5940500786,0.8585000183,-0.9752105707
198707,-0.7264676819,0.3390292442,0.4331476884,0.1602202889,0.5074275038,0.03874931546,0.2252921939,-0.9541788372
198708,-0.6368333011,0.07823107282,-0.6433005762,-0.3232251578,-0.3464648595,0.1322618765,-0.7377994929,-1.262225744
198709,-0.7024663987,-0.5740850634,0.5197135166,0.01676830253,-1.315044088,0.5539527413,-0.1256917301,0.8433944301
198710,-1.291731665,-0.6846476698,0.3714040367,-0.2706329502,0.3411383553,1.791341185,0.005170963468,3.366106575
198711,-0.4395081425,0.04324692709,-0.375364099,1.615263735,0.5604520377,0.9845182597,1.749678913,4.005195621
198712,-0.5940185648,0.06355132751,0.5130317772,0.4267157583,0.08093668131,0.907228031,0.6188912949,0.4249475793
198801,0.3166788712,0.166860828,-1.092514032,0.2265746326,0.3630894725,0.7759093541,0.1772389998,-0.859191429
198802,-0.4263685747,0.6071485441,0.9041546724,0.8763365615,1.305018801,-0.03281025498,0.5533695896,-0.985052121
198803,-0.3749215678,0.2840315023,-0.766872629,0.1969186739,0.07131611049,-0.434455697,0.3601084506,-0.8460428098
198804,-0.7767953573,-0.5937571549,-0.9336946122,-0.09249903073,-0.2763200659,0.8893298016,-0.2533007608,0.6737318585
198805,-0.04457749696,-0.3789061725,1.15527845,-0.1625574279,-1.083679692,0.6561115416,0.1162601499,0.3428097234
198806,-0.6621306723,-0.2383173321,-0.4353080552,0.214162217,0.3956136144,0.02147313333,0.5633337025,-2.029167392
198807,-0.1763201352,-0.8376582595,-0.03505103571,-0.4123262204,-0.6049413784,0.4136084387,0.1760363451,-0.6012429325
198808,-0.1535005267,-0.4402071994,1.002349574,-0.4575925024,-0.6813432648,0.09350606971,0.5308730557,0.389070218
198809,-0.03357108439,-0.2796077,-0.5281020134,0.5145658767,0.2667159376,0.1482147808,0.3653329299,-0.126342505
198810,-0.4445910283,0.527229737,0.3654711303,0.6514302723,0.9777378165,-0.4233223012,-0.3509745732,-0.128793958
198811,-0.4225357705,-0.4730557223,-0.03625477187,0.5798529349,-0.310665831,0.5198855287,0.258444464,0.8121244027
198812,-0.6406045421,-0.327506131,-0.05673325803,-0.3858687102,-0.0112393004,-0.3176370133,-0.1968253727,-0.8459306
198901,-0.3993793502,-0.6551138356,-0.4234063506,-0.1584677517,0.26158983,-0.3964983534,0.7028280136,-1.119049783
198902,0.1888719332,-1.007958418,0.6325582449,0.7990646531,-0.3579241269,1.171325582,0.273050733,-1.286569506
198903,0.05298919664,-1.186982873,-0.08437122517,-0.6178052719,-0.09585278937,0.5008430356,0.01611255026,-0.4854894691
198904,0.2626856398,-0.4539844264,-0.9743714364,-0.2842025437,0.784794976,-0.8431843772,0.4667931683,-0.5810053713
198905,1.042232181,-0.6710504351,1.168714184,0.9416525761,0.2445771241,0.2502191125,0.2009767696,-1.217514287
198906,0.6698841889,0.005145206297,0.9539729578,0.8871786133,1.559296489,-0.5352173236,-0.09723856637,-0.1914932
198907,1.322238408,-0.3701541263,-0.3359339554,1.581450527,0.202779433,-0.04048510465,-1.107875049,-0.6945327556
198908,-0.0503231542,0.4034782035,1.260316162,-0.9516850248,1.332136171,-1.344704424,-0.3529083324,-0.1594462095
198909,0.8644007651,-0.6921066156,-1.003349578,-0.8031916781,0.08190716352,-0.5161916925,-0.2409522387,-0.5586475598
198910,0.7998921218,-0.4261753257,-0.9441096267,0.3081412642,0.313598491,0.02747000839,-0.5611364491,0.5034728313
198911,0.2733830574,-0.07044663603,0.9323272884,-0.1469786082,0.8093720097,-0.5753497556,0.18039832,0.5784094864
198912,0.3129093535,0.2740412285,-0.3038522758,-0.7632555459,1.081830095,-0.5617104402,-0.8400675863,0.4484429383
199001,0.08161046026,-1.153056666,-2.479467966,0.3917853962,-0.8777781878,-0.2307145536,0.4465764118,-0.8098109568
199002,-0.2569255579,0.3560474721,2.551641538,-0.7851776493,0.3175543804,-0.2399527223,-0.5545341012,2.006576927
199003,0.1016436438,0.04087857446,0.2804561877,-1.196312321,0.3825115225,-0.04059167655,0.07528457563,-0.7905156544
199004,0.8820867792,-0.3206653111,0.4551154943,-0.1949292702,-0.3343167678,1.171583562,-0.15367037,-0.1143392352
199005,0.6334725525,0.1585683144,0.2672485997,-0.4679467628,0.3486733093,0.335444888,0.7447662911,0.001623843385
199006,0.5534688488,0.2652703896,-0.9523288328,-0.8236468158,1.119521543,0.01234291759,-0.4108262492,-0.04800894436
199007,1.145421462,0.04325868909,0.1516198716,-0.04848983961,0.1599402554,0.2665826157,0.07231942774,0.3561277269
199008,0.9664149587,-0.6938002909,-1.826166618,-1.155179894,0.2267783824,0.1225286634,0.4287961315,3.347920703
199009,1.073716843,-0.5532665691,0.1824040652,-1.258016332,0.1350628938,0.9443713841,-0.09268609214,1.925777095
199010,1.658374604,-0.6490066702,0.1803351407,-0.01393339438,-0.03714515699,0.5679247071,1.573878433,1.411117971
199011,2.321257402,0.138229006,1.777694397,0.6664449181,-0.5524819513,0.9624290009,0.100470562,-0.319353125
199012,1.659531153,0.3640678416,0.1541804953,-0.8090563206,0.6342908324,1.067358556,-0.03248506928,-1.196548029
199101,1.988035913,0.06165451581,-0.6579692436,-1.326309614,0.7204022994,1.27071959,0.8949206208,0.8728988772
199102,2.137844693,1.807345747,1.306158522,-0.420805535,0.5483883967,-0.01488777236,-0.0623553145,-1.812660555
199103,1.664182451,0.6126720673,0.4653607008,-2.432608099,-0.4528989784,0.5458322607,-0.03600176646,-1.828806809
199104,0.9610066934,1.057841169,-0.8852347422,-2.380114485,0.5542725375,-0.007014961801,0.1618188002,0.1617394635
199105,0.804195496,0.9825728646,-0.4838449202,-2.41180892,0.8859240062,0.0160765503,0.5810923697,1.430042992
199106,0.2711973461,0.7989988126,0.9171005757,-2.44682574,0.2729701722,1.388362136,-0.8271175759,0.2883033015
199107,0.5157210872,0.9299408843,0.2043159208,-1.273103351,0.1955779546,0.3341608994,0.9273881245,-0.219534531
199108,0.8622898593,0.8249977496,-0.8272776516,-0.4618011226,0.882002742,1.333892709,0.3421603192,0.1317429031
199109,0.1642071751,0.8639363189,-0.09104460815,-1.187260734,1.150245668,0.9844311887,0.770840293,1.370040154
199110,1.027839804,0.5640039558,0.1977562125,-0.3055109406,0.02987095603,1.579476932,0.1528725562,0.6502245787
199111,0.9641367172,0.6257722054,-0.9981013209,-0.7180388609,0.3877817815,1.032896975,0.4047644071,0.5593101754
199112,1.311241128,0.8153694897,0.2033337272,0.2535893418,0.2210027165,1.374682888,0.416870482,0.5620675276
199201,1.039492652,1.517789465,0.59316803,-0.3675886257,-0.1054647534,-0.1656361347,0.4108954393,-1.862419782
199202,0.1136836903,0.7063867332,-0.5902141084,-2.104256859,-0.07825063663,0.8259471096,-0.7563738053,0.6090831141
199203,-0.2349400089,0.7896006631,0.08024753647,-2.118672538,-0.3472779605,0.68005735,0.6964296485,-0.06963155285
199204,0.05044894547,1.149063329,0.1474915841,-1.142152095,0.6953382426,1.223000314,0.8641182376,0.7398084448
199205,0.3178303348,0.9085352173,-0.2312464958,-0.7421909503,0.1684122248,1.008214265,0.2258277457,0.6121195356
199206,0.5227250543,0.6787061348,-0.3296377138,-0.5358436479,-0.1315305436,0.9445745718,0.975946728,0.9045357762
199207,0.282110753,1.554008925,-0.195994966,-0.2242079738,1.240136367,0.9834017619,0.786245891,1.500527987
199208,0.7149637759,0.6564457651,-0.06121523153,0.1505771094,-0.4164984623,1.800530626,0.02653734976,-0.1078315432
199209,0.5184791137,0.8828866282,-0.03033747386,-0.7563732216,0.2363060614,0.4572096367,0.4639842122,0.4863218724
199210,-0.1310173471,0.7357684112,-0.3334350661,-2.250615604,0.1286469849,0.5965164389,0.06787371992,-0.07445711745
199211,-0.04764039573,0.6484273007,0.8134782505,-1.81788972,-0.7976938691,1.25105804,0.7827273032,-1.012162068
199212,0.04146174929,1.467242624,0.3373889438,-0.8274749712,0.0112021695,0.8946093044,-0.328623418,-1.461834045
199301,-0.1453542417,0.6029601576,-0.6385139591,-0.4207357437,0.1095895582,1.184423408,2.654664163,1.239465449
199302,-0.03194485192,0.8300001883,-0.1593813638,-0.2949345504,0.3781895776,1.226798707,1.085322343,-0.4329492082
199303,0.7056607499,0.5214888764,-0.003508082972,-0.08521738016,-0.02751104393,1.788500271,0.8664069691,0.6158287483
199304,-0.0672839154,0.6844880948,-0.5917090479,-0.5567967851,0.5690333894,0.9218667047,0.4183420292,0.6729487498
199305,0.296569122,0.5742951169,0.130416794,0.09300067944,-0.2590120982,1.558206267,-0.4596966274,-0.2536041036
199306,0.264438348,0.8259596799,0.8110549144,-0.7478321604,-0.3451460206,0.6124624203,0.9090514774,-0.2806780742
199307,0.05528662044,0.4467851626,-0.4410877583,-0.6397591935,0.3016273,1.104366253,0.9752004172,0.03379117022
199308,0.1914723641,0.9368330943,-0.3141732067,-0.3690614764,0.01521431206,0.5782391247,0.3520947765,-0.4020587637
199309,-0.05421424798,0.9178343844,0.06254127077,-0.0662953879,0.6287765636,0.597521947,0.2881897263,0.6039744199
199310,-0.3856675608,0.4440071393,-1.113278348,-1.01172058,0.2279789743,0.3207206652,0.6284106977,-0.2305082045
199311,-0.3787274853,0.5453841367,0.7401737045,-0.7794405173,-0.6871062526,0.9927569019,0.09025259761,-0.2503376182
199312,-0.5805058408,0.871800392,0.4338316216,-0.300476316,-0.09825081818,0.7352674008,-0.2212283341,-0.5668222811
199401,-0.07089878822,0.6229312739,-0.1141230347,-0.3171580593,-0.3308042012,0.7546009846,1.403110087,0.4622580608
199402,-0.09647340639,0.2194760806,-0.480017376,-0.7700593492,-0.7127591141,0.6579123133,0.3779018296,-0.5191607209
199403,-1.126465617,0.3811051511,0.1240660668,-1.181148307,-0.4741597246,0.7869171176,0.852493072,0.9287110193
199404,-0.7316442147,0.07834431547,0.4954736265,-0.5732884624,-1.135979239,1.972568875,0.1348410464,0.7130806149
199405,-0.924827534,0.3319074624,-0.2576236201,-0.4080528026,-0.6762930194,1.527114693,0.6644340231,-0.3949238437
199406,-0.5447135997,0.3547284022,-0.6474208726,-0.1471964823,0.1904410171,0.8352270834,1.647505952,0.2732569592
199407,-0.4286890246,0.1534613119,-0.4484277607,0.2173120123,-0.7387177504,2.086889559,0.3904660254,0.4623663534
199408,-0.7431542076,0.6844959759,0.09207604712,-0.5028807679,0.2225476847,0.3163931884,1.456761635,-0.3663901339
199409,-0.5087999052,0.2030331275,0.6940985062,0.3918586959,-0.8606363446,1.534402299,0.3751151846,-0.1963735344
199410,-0.8752839385,0.5201596284,0.2609945463,-0.843138343,-0.5736124083,1.273608162,0.3864721456,0.3002023966
199411,-1.035246562,-0.1761308361,-0.6400187939,-0.3213900046,-0.2965880266,1.568980056,1.126720268,-0.1107090827
199412,-0.9413357515,0.447869114,0.3878023858,-0.8192708816,-0.1455035685,1.265288111,1.228805546,0.3490662777
199501,-0.3893658045,0.2343652305,-0.3006769208,0.1754072271,0.1487058964,1.534451537,1.372830283,-0.1376312144
199502,0.1403310931,0.1245236359,-0.01905788954,0.3945471338,0.129109868,1.237892108,1.139191259,-0.5257054035
199503,0.2848443046,0.2745184586,-0.1304558556,0.7394192732,0.6065999909,1.014000427,0.6986551246,0.9808239263
199504,0.6091809323,-0.008050281411,-0.7848648616,0.4549364235,0.2347377325,0.9045417415,0.3146709783,-0.07707733111
199505,0.730972756,0.6533097329,0.6482261834,-0.06966575128,0.5722284728,-0.1641856018,0.3701751372,-0.02082727676
199506,0.1759206385,0.4498563809,-0.07229589274,0.2234965777,1.344628703,-0.04678013609,0.8700022256,-0.2547226962
199507,0.6431940471,-0.1242394655,0.2008833074,0.1816117565,-0.6110651177,0.4676605688,-0.3849518775,-0.7871580131
199508,-0.4540226006,0.3894734724,0.2252347287,-1.923706898,0.7294933723,-0.7757656029,0.2418046977,0.4736456512
199509,0.04234322279,0.3359903201,0.1607951535,-0.05292186264,0.7165029295,0.02489126909,0.1108771446,0.1575776223
199510,0.5647354257,-0.0662896348,-0.5770747119,0.3232109164,-0.1308080595,0.2744314054,0.3617562485,-0.1961737895
199511,0.4244591012,0.4578920681,0.653244055,-0.3092980853,0.3132455717,-0.6458662636,0.03245523252,0.01605996334
199512,0.1438722656,0.5025824435,-0.4740135831,-0.6641843319,0.7605051525,-0.5612905161,-0.4949904226,-0.4810165583
199601,1.103109899,-0.5981642709,-0.7952915023,0.1283683792,-0.5547818744,-0.1011408457,0.00889776523,-0.06845842705
199602,-0.5804902806,0.9091259119,1.151430103,-0.9641316662,1.348451641,-0.7702575571,0.03016951075,0.1563347575
199603,0.3352147762,-0.1772448971,-0.7209704925,-0.6950200797,-0.932358296,0.4691656554,-1.627977002,-1.175169727
199604,-0.2660413456,0.4026724736,0.1680480032,-1.173789499,-0.09282949365,-0.2826595507,0.0962783673,1.037505942
199605,-0.2862807257,0.4014201594,0.6390674727,-0.4818737145,-0.0009730177212,-0.2896529211,0.9317942983,-0.4068153186
199606,-0.6535320106,0.6326655467,0.4180596699,-0.577978278,-0.04643792769,1.035966285,-1.307431721,-0.1038476396
199607,0.1524414001,0.001320698919,-0.1722116908,0.1745889645,-0.368288517,0.1985495969,1.24626349,0.8747603378
199608,-0.1987419191,0.790347931,-0.1380744216,0.1034434988,0.2987391489,0.2988534407,0.2138299325,-0.1644027889
199609,-0.3399812206,0.1445922857,-0.4534131032,-0.8636372531,-0.01456197885,0.2377126788,0.348447941,-0.5129176084
199610,0.2488671441,0.5464185487,-0.00797645051,0.4169652078,0.3548566722,0.2205528294,0.8445544629,-0.7708030331
199611,-0.3388422174,0.8330805343,-0.2302273849,0.07942013202,1.058259574,0.2101906657,-0.2557746064,-0.1353345491
199612,-0.1864468086,0.06631774296,-0.01806234816,-0.6228462211,0.0591038104,0.9542034739,-0.2822356368,0.1824834714
199701,0.07893913476,-0.1110155581,0.4792908608,-0.372834027,-0.6804024561,0.9290736405,0.1890104628,-1.035038955
199702,-0.6861897527,0.8183612535,0.549298984,-0.9499328976,0.740584663,-0.4297781399,0.4478836201,-0.6262937608
199703,-0.6101197747,-0.0001091730371,0.5678716113,-0.6620299614,0.003209136302,0.7718177638,-0.1268060311,0.7120273353
199704,-0.01578016016,-0.3663712396,0.1299889744,-0.1309600491,-0.8735568736,0.9718851441,0.4640825669,0.1799438102
199705,-0.2847952761,0.7356780841,-0.1563930594,0.4428978944,0.7319792071,0.6340876319,-0.1740653421,-0.8098882758
199706,-0.2526718114,0.5168736482,-0.5999975714,0.09555595316,0.8099527169,0.02271292757,0.04335347497,-0.6558431793
199707,-0.2925722327,0.6216299084,0.3549429551,0.01884915353,0.6677131664,-0.1949645902,-0.03701980136,-1.480541923
199708,-0.641310585,0.1460024579,-0.5352314842,-1.140221216,0.7361062639,0.5671992914,-0.6455629665,1.035471673
199709,-0.5970885502,0.07555866153,0.004870907945,-0.1725282853,0.7248843556,-0.2881430658,1.043088492,-0.09863815548
199710,-0.5727275651,0.258346485,0.2846059392,0.2352118303,0.8514227662,0.5952556493,-0.126317385,0.05817508539
199711,-0.8602005981,0.1916930167,0.4975406755,0.1575466826,0.804356448,0.5515225172,-0.5292436733,0.2973372601
199712,0.009549754458,-0.1772666682,0.3389206106,0.06926208212,-0.1166638488,0.3770012634,0.40568073,-0.1325374889
199801,-0.3119256107,0.05688984294,0.2238461128,0.312825587,0.7686112657,0.07146789628,0.2783843219,-0.3034812731
199802,-0.1077360333,0.267074808,-0.03379295441,0.4880962087,0.03156266391,-0.2128836966,-0.3768485858,-1.405010896
199803,0.1470152194,-0.04392277582,0.002061922939,0.309336306,-0.1571847089,-0.1176991546,0.2768807003,-1.059620869
199804,-0.4865819203,0.2609882585,-0.5576689596,-0.07230837676,0.3840436361,-0.05672437906,0.107763282,-0.7227332362
199805,-0.1608337268,-0.178609588,-0.246255871,-0.3030798635,0.2511193545,-0.008279133833,-0.09706809764,0.01457065969
199806,0.6868693686,-0.2273971921,0.618237762,0.7014929033,-0.6192138328,0.01459976608,-0.07879330464,-0.6722644904
199807,0.6683608156,-0.1856092676,-0.7216652095,0.432329914,-0.8050053416,-0.6810396928,0.6937048883,-1.349231992
199808,-1.139813044,0.4526546554,0.7670807491,-1.423983027,1.715621141,-0.3953941778,-1.325550524,3.201196784
199809,0.5497325555,0.1325217893,0.2181558546,1.627678335,0.4242705466,-0.05634025841,-0.598690165,1.594601556
199810,0.004509023692,0.3327913555,-1.256476629,0.5765572388,0.9751136297,-1.174050989,0.4246540074,1.3905538
199811,-0.0311726572,0.5556568324,0.6519113965,-0.07859048396,-0.6735041458,-0.4129045209,-1.263887425,-2.714100328
199812,-0.09931706807,0.6570710145,-0.4410288419,0.4613263659,0.02768174411,-0.7282383809,0.09968763347,-0.242446925
199901,-0.2306082953,0.5511949814,-0.3872274088,-0.06797771027,-0.06555443092,-0.621664415,0.05911246452,-0.7855306977
199902,-0.3242354943,0.3930553225,1.248450152,-0.2723402498,-0.3283847191,-0.4895513943,-0.4484040471,-0.3450461904
199903,0.03634202471,-0.2970733849,-0.7554821849,-0.2913420381,-0.8374145815,-0.06050595224,0.3240972242,-0.706504215
199904,0.05470991459,-0.1771903485,-2.161379423,-0.06806760516,0.1106459996,-0.2964258675,0.5005583642,-0.7520379231
199905,-0.5437247837,0.7050907466,2.064102553,-0.2678106392,-0.4953817585,0.03806244759,-0.6428325907,0.4285558031
199906,0.1535766374,-0.1392152996,0.3294716735,-0.2280191131,-1.652542054,0.1842287722,0.2628678748,-0.2527036237
199907,-0.3664289465,-0.03531163266,-1.162893792,0.3177316861,0.1741626072,-0.1517112627,0.6334943084,-0.6096653171
199908,-0.5250707485,0.205000782,0.007527860992,-0.11922503,-0.328136628,0.2669460989,-0.3499997851,1.18885393
199909,0.1863647022,-0.3813319614,-0.6618369608,0.6805939912,-0.7903650104,0.32457174,1.040794442,0.09778367085
199910,-0.9955928158,0.4246781081,1.128165376,-0.2979512543,0.1257072416,0.6858002112,-0.6622649754,1.077896759
199911,-0.5225269864,0.3428674421,0.006923212935,0.5206141256,0.1091017164,0.5389110629,-0.3793882082,-1.258195631
199912,-0.8635844098,0.202676696,-0.4826347497,-0.2770896784,-0.06574283733,0.434385796,-0.6347309146,-0.7628617021
200001,-0.675482356,-0.08160452989,0.3411510079,0.07128347669,-0.9987546504,-0.5046616551,1.794140446,-0.8437642077
200002,-0.1815164233,-0.5591635381,-0.3857894002,-0.3367431933,-0.8341504908,-0.2539029212,2.65286716,0.1778428343
200003,-0.4719173412,0.09836787332,-0.763193977,0.3151373984,0.2518809144,0.6065221507,-1.315021377,-0.357873786
200004,-0.4291699471,0.6726585,2.519948925,0.8040762297,0.1309839487,1.04010204,-0.9687443394,0.3245390966
200005,0.4068658664,-1.196161381,-0.319081259,-1.247131995,-1.268987322,0.0326126694,1.599680571,0.419866438
200006,-0.1188340143,-0.06259200512,-1.930292892,0.5644636809,0.9105033651,-0.7682710641,0.01264827149,0.295295112
200007,0.5114688734,-0.1865295141,1.542139093,0.5758540312,-0.466800525,0.4180634942,-0.2010074579,-0.2256981408
200008,0.6676431475,-0.03612482772,1.135285848,0.4876987769,-0.4585020209,-0.271509403,-0.07332849858,0.08278059974
200009,-0.2020786042,-0.2909144858,-2.478851469,-1.093363758,0.448321189,-1.094330483,0.2291078897,0.2189229712
200010,0.6672369396,-0.3835189386,1.746650968,0.841364158,-1.010245891,0.6321881148,-0.2736527797,1.059192765
200011,0.4299980682,-0.5693017285,-0.243611326,0.08368409427,-0.325067375,-0.3170340635,0.763890112,0.3137063435
200012,0.8052830797,0.1747392709,-0.4007201384,0.8283300931,0.5214762346,-0.7673301111,-0.2532910135,1.225856635
200101,1.436583178,-0.02512031914,-1.520050116,0.8262463747,-0.07645640074,-1.186360626,-0.264017668,0.9239760503
200102,1.157467934,0.3007745101,1.67229582,0.4655541251,-0.8484701776,-1.013828968,-1.083466525,0.9470993961
200103,1.210964308,-0.01821905454,0.7717868217,0.3089938757,-0.6283708659,-0.6605542717,-0.6616533806,2.405097425
200104,1.299162855,0.0305548567,-1.384724104,-0.3974458338,-0.9641501815,-1.046128401,-0.02070873581,1.236620416
200105,1.186682531,0.7457501687,-0.8251065828,-0.2418095041,-0.9840533938,-1.667279841,0.1168452149,-1.266445631
200106,1.474998745,0.888194575,0.9028972698,0.3349054557,-1.344814217,-0.5955132621,-0.6585340134,0.9003248119
200107,1.135612992,1.050054582,1.367054668,0.06057922108,-1.500768864,-0.4385178736,-0.925013832,1.247480562
200108,1.352320606,0.5713312717,-1.567202713,0.04915887236,-1.071486367,-1.035644577,-0.08461685287,1.449093938
200109,1.373271026,0.351882225,-2.276634597,1.069465731,-1.058650806,3.465234792,-6.670396403,3.341130727
200110,1.492937469,2.004577426,3.722076503,-1.399094927,-1.03833371,-8.266554194,12.16702129,-0.8334687654
200111,1.403380867,1.366927546,-1.654465643,-0.1686094543,-1.426552145,0.8433018134,-4.370424127,0.4605248628
200112,0.8350530443,1.617477984,-0.207318179,-0.7103441123,-1.497667922,0.2810333818,-2.71246328,0.2270808429
200201,0.4616786949,0.9810032005,-1.312854395,-1.131966982,-1.083848538,-0.6925553308,0.4873782179,1.634649762
200202,0.2283747808,1.149186962,-0.1909407807,-0.3004680184,-1.717735322,-0.6068328196,0.07574111615,1.024675128
200203,0.1119581145,0.9145999972,-1.327082677,-1.147325319,-1.536429999,-0.2395222731,0.4336714023,0.3336329832
200204,0.3582044524,1.428659995,-0.4616341526,-0.6121106111,-1.008144634,-0.720908827,0.03789029512,0.3377943127
200205,0.04487526937,1.416299056,1.141012106,0.5704773521,-1.228582934,0.4080914545,-0.5769740949,2.002932251
200206,-0.2353871245,1.091218492,-0.700747162,0.04627443997,-0.5739808481,0.2641321456,-0.1490666871,2.718347344
200207,0.4104382979,0.5206355657,-0.7421956432,0.7032744276,-1.199132931,0.04247834205,0.489787072,3.080985082
200208,0.4202932464,0.9033117595,-0.3522833346,0.01336412388,-0.7346851562,-0.8857166394,0.9490641784,0.7103132698
200209,0.4097239541,0.505319998,-0.07785976595,0.6106195223,-1.294459938,0.2602711633,-0.1808849051,1.923469143
200210,0.5228086668,0.3575400123,-0.5029637107,-0.1324590731,-1.439755678,-0.2039241841,-0.7673521513,0.9386402671
200211,0.36490639,1.658170051,0.0585095692,0.1313461092,-0.6198205543,-0.9223134827,-0.2893496927,0.2129250304
200212,0.6979961349,0.6718084326,-0.2318995837,0.7560749009,-2.017688036,-0.05509933809,-0.05748625268,0.8888828822
200301,-0.2457804019,0.8290827632,-1.912986929,-0.05072711649,-0.7306463905,-0.6624296314,0.1090781934,1.559121853
200302,0.4300126492,0.4543371874,-0.9799257696,-0.06939386312,-0.9652105189,-0.07054884658,-0.02412131927,2.478654019
200303,0.605611371,1.12897554,0.8540666888,0.3173600005,-1.05226186,-1.190047476,0.6601516669,0.5669235938
200304,1.067586828,1.508802014,3.274416467,1.146433959,-2.070096112,-0.4625539365,-1.468900145,-1.190754852
200305,0.4455844635,1.610304837,-1.720824465,0.965432075,-0.2110861706,-1.275674146,-0.7237494485,-0.01975704446
200306,0.2666664556,0.9918785727,-2.093664612,-0.2448827382,-0.5161472437,-1.556478907,-0.6883108046,0.3741258973
200307,-0.08325371165,0.6036017034,-0.1118914021,-1.20468982,-1.694580659,-1.267840835,-0.3318770118,0.3902622773
200308,0.01935503008,0.3596939466,-0.9417748482,-0.2987520015,-2.135201914,-0.04269972543,-0.5619252462,0.3731887981
200309,-0.302881968,1.372359258,0.2067574618,0.2155490318,-0.7322215327,-1.495249208,1.411408185,0.9494333787
200310,-0.217136639,1.107233378,0.81218891,1.520722374,-1.363249301,0.04936935671,-0.3045733058,0.7681226773
200311,-0.7067850087,1.060360909,-0.4016736451,-0.09961112205,-0.929150938,-0.4842970275,-0.6157874853,0.5859372123
200312,-0.2365508791,0.613593483,-1.551135649,0.918050135,-1.436616908,-0.2370570667,0.2457139878,0.5866133777
200401,-0.3625455369,0.7112017787,-1.190627673,0.7216833678,-0.9031040416,-0.4270214182,0.5375773933,-0.2962369128
200402,-0.4533589687,0.7600288733,0.2379799113,0.5452895705,-0.8204352635,0.2281718735,-0.7093365644,1.01495505
200403,-0.4579055965,0.3529930996,0.2310626907,1.183911093,-1.225347993,-0.5408447775,0.5263307184,0.7427799714
200404,-0.7976597539,-0.01331188465,-0.1064545588,0.3129421752,-1.662333521,0.5489342865,0.3415813068,0.2035469819
200405,-0.9377238997,0.008606901436,-1.165041594,-0.5356505813,-1.604313987,-0.07141885477,0.213524632,0.8442903622
200406,0.02137464989,0.4936467003,0.4522008493,1.4422391,-2.410836856,0.6096653669,0.0983961843,-0.2885742824
200407,-0.8099258081,0.8456606154,0.6200490849,1.17438064,-0.7341415315,0.05701301223,0.7239610327,1.227267748
200408,-0.4743256542,0.6003574872,-0.4688218452,0.4449826484,-0.9908035173,-0.3956099468,0.2143302798,1.100283195
200409,-0.2629266888,0.6446984575,-0.4034920416,0.72593436,-1.175545868,-0.5155209449,-0.273527747,-0.3374444232
200410,-0.7443756393,0.1310980518,-2.344823646,-0.04455340068,-0.5668911699,-0.7802360682,0.6825834321,0.9902634755
200411,-0.3121074516,1.015869209,0.710571457,1.097557708,-1.182422722,-0.3456396176,-0.7148127483,-0.02803945517
200412,-0.6437236324,1.085182399,1.869881387,0.5977733854,-0.8547223063,-0.8712374426,-0.858859365,-0.3106176274
200501,-0.4983976339,-0.01010836113,-1.089408257,0.0893670751,-1.368584161,-0.5208429079,1.114069188,1.322660487
200502,-0.5725681915,0.3430008113,-0.8266764527,0.2678601733,-0.7353283175,-0.8077361883,-0.2185986261,0.5519999926
200503,-0.1323386996,-0.07124615307,-0.306306099,0.4981036977,-1.811250851,0.0930992326,-0.1681230643,0.2556037734
200504,-0.3916493943,-0.0007088646563,-0.3899045665,0.4006397283,-1.028479626,-0.9541990379,0.8595328727,0.2162309952
200505,-0.3242667285,0.7998825591,2.264095375,0.8481552231,-0.5504967092,-0.733158428,-0.626793237,0.5194104542
200506,-0.5678428053,0.5573635185,-1.181496292,0.2567079227,-0.3943574216,-0.9686305804,-1.083279802,-0.7596779859
200507,-0.4447843717,-0.4837717227,-2.199489961,-0.3239590022,-1.319005155,-1.225829274,0.6220450586,-1.071320567
200508,-0.1786176522,0.05558550403,-0.5023528987,0.7427933198,-1.534504083,-0.9543542312,-0.003110237967,1.7265554
200509,0.303934713,-1.038482923,-3.09411783,0.978102933,-1.356793019,-0.5957622732,-0.2336576055,-0.174048193
200510,-1.105140207,0.5860552492,4.759108009,0.5254863917,-1.001855228,-0.5831275559,-0.3329497503,1.339294985
200511,-0.9097220517,0.7746917218,3.414776355,1.05594979,-0.7934324879,-0.9350353832,-0.7971366789,-0.7897533284
200512,-0.4052473667,-0.02270160835,-2.500099398,0.03783483672,-0.486216919,-0.6372250302,-0.7081005999,-0.4692368276
200601,-0.6981127303,-0.2215085634,-2.504005059,0.7040804397,-0.5844440491,-1.219305741,-0.09254179552,-0.07009612894
200602,-0.127323811,0.2666369693,2.885889374,1.0172855,-1.606691497,-0.6532271103,-0.8502027619,0.1384982413
200603,-0.514426341,-0.5216500193,-1.031954511,0.2560753486,-0.6155367484,-0.6909481886,0.5720620891,0.05001955466
200604,-0.3388623138,-0.7399714895,-1.80330736,0.009949579465,-0.7028400052,-0.4638617727,0.01303103401,0.4236043522
200605,0.1502544332,-0.1175029427,0.3741325693,1.32578041,-1.099053704,-0.436646315,-0.02429321779,1.283286231
200606,-0.3658264651,-0.2788683327,0.5068693696,-0.1131090892,-0.4978753609,-0.1740252419,0.3196716824,0.9000263137
200607,0.06911859683,-0.434770112,-0.5477642296,0.07542198443,-0.4707170007,-0.6733145931,0.5978737858,-0.07912849196
200608,0.0656619303,-0.04572902737,-0.07414669277,0.6183343286,0.1515452778,-0.3614079193,-0.04989809251,0.4663364911
200609,0.2342379429,0.6191569302,3.930696964,1.606682248,-0.3022235031,-0.1504052497,-0.8873459032,-0.8319259065
200610,0.3361581923,0.09693298932,0.1845301943,0.1788327494,-0.150954381,0.1056998431,-0.9744247739,-1.321244882
200611,0.2820206554,-0.7439009919,-3.402367363,-0.2985056283,0.4049933844,-0.5035579727,0.1319785786,-0.3243921887
200612,-0.4138319901,-0.2546095945,-1.347779596,-0.3886663554,0.6427706108,-0.8811302058,-0.2641118522,0.07327033221
200701,0.7766532689,-0.05901808059,2.235279534,0.07245561255,-0.8622359218,-0.134624104,0.1119491069,-0.6232720186
200702,0.1081190083,-0.2562215574,-1.197301529,-0.9588881625,0.4949843683,-0.5379338483,-0.1029535309,0.3654808258
200703,0.07161500991,-0.2201142933,-0.6977965355,0.1910026547,0.1620334275,-0.2088293399,-0.8661916446,0.6684180364
200704,0.2689723151,0.05668753061,0.6826106687,-1.898535384e-05,0.03250240511,-0.3691649104,-0.3996332214,0.1156953012
200705,0.1857074374,-0.3936742061,-0.412755449,-0.02428093642,0.07761440541,-0.5507577945,0.694168979,-0.6725707969
200706,0.04611864949,-0.4653800054,1.127116266,-0.3207660157,-0.2352716959,0.1627817732,0.1189832872,0.4045296105
200707,0.002108461248,0.1225018653,-0.006993002223,-0.3614891903,0.733134859,-0.5917012104,-0.08626714995,0.2259329208
200708,0.7516722198,-0.1532449036,1.140547531,0.7201509322,0.2360244885,1.047095469,-0.5252541569,1.529183502
200709,0.3749285305,-0.2959892437,-1.573616359,-0.6381209375,1.122256146,-0.6859761048,1.962852576,-0.4043352393
200710,0.8320059434,-0.2359997437,-0.03548857561,0.5221371094,0.3743096742,0.5763096824,-0.7072564587,-0.6211126981
200711,0.4462190644,-0.7693179184,-3.106602951,-0.5125369135,1.447523074,0.3626776091,0.8925261141,1.417081991
200712,1.043455686,0.04760532938,3.736762245,-0.7239992554,0.5139077274,-0.1443949436,1.960141506,-0.1633557695
